﻿OBJECTID,ID_0,ISO,NAME_0,ID_1,NAME_1,ID_2,NAME_2,HASC_2,CCN_2,CCA_2,TYPE_2,ENGTYPE_2,NL_NAME_2,VARNAME_2,Frequency,Unit,SR Code,2006,2007,2008,2009,2010,2011,2012,2013,2014,2015,2016
1,49,CHN,China,1,Anhui,1,Anqing,,,,Dìjíshì,Prefecture City,<U+5B89><U+5E86><U+5E02>,Anqìng,"Annual, ending ""Dec"" of each year",RMB mn,SR1928854,48 619.14,58 651.68,66 386.90,64 310.51,110 423.03,152 465.86,162 902.30,178 090.00,191 175.98,226 900.67,
2,49,CHN,China,1,Anhui,2,Bengbu,,,,Dìjíshì,Prefecture City,<U+868C><U+57E0><U+5E02>,Bèngbù,"Annual, ending ""Dec"" of each year",RMB mn,SR1928289,74 454.67,97 160.21,128 477.80,160 594.17,225 101.25,370 049.36,425 002.07,480 886.00,545 415.90,582 900.73,
3,49,CHN,China,1,Anhui,3,Bozhou,,,,Dìjíshì,Prefecture City,<U+4EB3><U+5DDE><U+5E02>,Bózhou,"Annual, ending ""Dec"" of each year",RMB mn,SR1926698,20 207.19,31 564.48,43 290.66,55 667.29,83 270.00,111 065.49,139 232.00,152 501.00,175 102.24,154 209.85,
4,49,CHN,China,1,Anhui,4,Chaohu,,,,Dìjíshì,Prefecture City,<U+5DE2><U+6E56><U+5E02>,Cháohú,"Annual, ending ""Dec"" of each year",RMB mn,SR1927966,14 592.00,21 950.56,35 599.93,47 392.75,67 691.81,117 162.64,94 127.77,120 250.00,142 457.12,162 325.05,
5,49,CHN,China,1,Anhui,5,Chizhou,,,,Dìjíshì,Prefecture City,<U+6C60><U+5DDE><U+5E02>,Chízhou,"Annual, ending ""Dec"" of each year",RMB mn,SR1927741,10 126.29,13 851.98,19 060.99,23 790.05,32 433.41,52 464.08,61 890.64,74 365.00,84 441.42,95 938.64,
6,49,CHN,China,1,Anhui,6,Chuzhou,,,,Dìjíshì,Prefecture City,<U+6EC1><U+5DDE><U+5E02>,Chúzhou,"Annual, ending ""Dec"" of each year",RMB mn,SR1927101,10 515.70,15 119.97,20 689.03,22 461.16,33 068.97,42 694.10,44 720.48,51 113.00,56 544.99,56 795.29,
7,49,CHN,China,1,Anhui,7,Fuyang,,,,Dìjíshì,Prefecture City,<U+961C><U+9633><U+5E02>,Fùyáng,"Annual, ending ""Dec"" of each year",RMB mn,SR1928846,32 706.52,43 693.84,59 618.02,69 042.92,105 297.00,154 387.07,168 082.00,200 294.00,227 922.59,252 875.39,
8,49,CHN,China,1,Anhui,8,Hefei,,,,Dìjíshì,Prefecture City,<U+5408><U+80A5><U+5E02>,Héféi,"Annual, ending ""Dec"" of each year",RMB mn,SR1926934,41 877.78,57 879.14,79 162.31,86 766.82,113 907.37,129 808.20,156 298.72,179 341.00,183 923.26,170 436.15,179 001.00
9,49,CHN,China,1,Anhui,9,Huaibei,,,,Dìjíshì,Prefecture City,<U+6DEE><U+5317><U+5E02>,Huáibei,"Annual, ending ""Dec"" of each year",RMB mn,SR1927727,58 907.59,85 423.65,116 207.54,113 052.31,135 758.19,178 991.70,201 695.17,237 739.00,256 021.35,254 075.04,
10,49,CHN,China,1,Anhui,10,Huainan,,,,Dìjíshì,Prefecture City,<U+6DEE><U+5357><U+5E02>,Huáinán,"Annual, ending ""Dec"" of each year",RMB mn,SR1927216,26 141.45,32 748.01,41 663.49,53 011.39,77 268.42,129 069.82,148 629.30,182 262.00,221 553.70,259 681.59,
11,49,CHN,China,1,Anhui,11,Huangshan,,,,Dìjíshì,Prefecture City,<U+9EC4><U+5C71><U+5E02>,Huángshan,"Annual, ending ""Dec"" of each year",RMB mn,SR1926965,183 396.70,221 796.12,260 026.46,300 513.67,390 517.31,476 503.31,547 727.92,660 529.00,690 134.71,704 473.00,761 734.00
12,49,CHN,China,1,Anhui,12,Lu'an,,,,Dìjíshì,Prefecture City,<U+516D><U+5B89><U+5E02>,Lù'an,"Annual, ending ""Dec"" of each year",RMB mn,SR1927381,26 331.60,37 807.16,50 799.78,59 386.00,82 617.43,,,,,,
13,49,CHN,China,1,Anhui,13,Ma'anshan,,,,Dìjíshì,Prefecture City,<U+9A6C><U+978D><U+5C71><U+5E02>,Ma'anshan,,,,,,,,,,,,,,
14,49,CHN,China,1,Anhui,14,Suzhou,,,,Dìjíshì,Prefecture City,<U+5BBF><U+5DDE><U+5E02>,Sùzhou,"Annual, ending ""Dec"" of each year",RMB mn,SR1927182,20 711.26,30 165.81,41 210.35,50 422.82,70 370.12,92 450.68,107 332.00,135 768.00,168 170.62,198 969.23,
15,49,CHN,China,1,Anhui,15,Tongling,,,,Dìjíshì,Prefecture City,<U+94DC><U+9675><U+5E02>,Tónglíng,"Annual, ending ""Dec"" of each year",RMB mn,SR1926827,24 071.65,29 803.18,47 930.99,57 657.11,88 141.20,120 277.73,145 422.82,163 749.00,181 645.22,178 586.95,
16,49,CHN,China,1,Anhui,16,Wuhu,,,,Dìjíshì,Prefecture City,<U+829C><U+6E56><U+5E02>,Wúhú,"Annual, ending ""Dec"" of each year",RMB mn,SR1927713,110 900.10,149 313.57,207 837.44,276 640.11,379 901.80,561 740.53,736 279.00,827 448.00,844 783.56,934 559.45,
17,49,CHN,China,1,Anhui,17,Xuancheng,,,,Dìjíshì,Prefecture City,<U+5BA3><U+57CE><U+5E02>,Xuanchéng,"Annual, ending ""Dec"" of each year",RMB mn,SR1927459,7 011.30,8 857.61,14 796.60,19 697.78,29 729.71,37 159.74,49 092.93,55 291.00,65 581.86,74 042.54,
18,49,CHN,China,2,Beijing,18,Beijing,,,,Zhíxiáshì,Municipality,<U+5317><U+4EAC>|<U+5317><U+4EAC>,Beijing,"Annual, ending ""Dec"" of each year",RMB mn,SR1928752,30890 735.85,39278 682.02,48702 819.56,53363 176.40,68191 889.54,82111 474.33,90289 142.39,100892 661.39,109880 444.33,109930 108.00,
19,49,CHN,China,3,Chongqing,19,Chongqing,,,,Zhíxiáshì,Municipality,<U+91CD><U+6176>|<U+91CD><U+5E86>,Chóngqìng,"Annual, ending ""Dec"" of each year",RMB mn,SR1928592,,2 017.60,2 510.59,3 151.85,4 001.96,4 713.14,5 590.80,5 642.41,6 074.86,5 485.30,6 150.06
20,49,CHN,China,4,Fujian,20,Fuzhou,,,,Dìjíshì,Prefecture City,<U+798F><U+5DDE><U+5E02>,Fúzhou,"Annual, ending ""Dec"" of each year",RMB mn,SR1927143,32 376.68,49 993.36,66 828.21,86 182.00,123 998.26,167 099.34,202 296.66,252 956.48,318 029.99,363 489.68,
21,49,CHN,China,4,Fujian,21,Longyan,,,,Dìjíshì,Prefecture City,<U+9F99><U+5CA9><U+5E02>,Lóngyán,"Annual, ending ""Dec"" of each year",RMB mn,SR1927947,31 886.82,41 925.31,52 652.03,59 706.95,77 744.51,93 175.17,114 166.00,131 729.00,153 761.13,172 224.09,
22,49,CHN,China,4,Fujian,22,Nanping,,,,Dìjíshì,Prefecture City,<U+5357><U+5E73><U+5E02>,Nánpíng,"Annual, ending ""Dec"" of each year",RMB mn,SR1926861,78 543.10,99 887.35,124 350.10,143 618.09,193 892.47,252 332.00,272 237.42,325 921.00,404 213.81,453 693.86,
23,49,CHN,China,4,Fujian,23,Ningde,,,,Dìjíshì,Prefecture City,<U+5B81><U+5FB7><U+5E02>,Níngdé,"Annual, ending ""Dec"" of each year",RMB mn,SR1926942,38 846.63,53 802.69,71 612.45,84 561.35,117 733.99,163 811.02,126 651.51,148 843.00,168 231.44,185 690.89,
24,49,CHN,China,4,Fujian,24,Putian,,,,Dìjíshì,Prefecture City,<U+8386><U+7530><U+5E02>,Pútián,"Annual, ending ""Dec"" of each year",RMB mn,SR1926933,236 786.16,274 112.78,297 022.77,281 276.27,368 894.83,439 951.76,448 634.99,471 621.00,489 493.07,502 867.88,
25,49,CHN,China,4,Fujian,25,Quanzhou,,,,Dìjíshì,Prefecture City,<U+6CC9><U+5DDE><U+5E02>,Quánzhou,"Annual, ending ""Dec"" of each year",RMB mn,SR1928154,47 883.99,63 661.47,87 788.34,97 427.52,132 884.92,195 109.22,224 864.84,257 475.00,301 664.16,327 408.02,
26,49,CHN,China,4,Fujian,26,Sanming,,,,Dìjíshì,Prefecture City,<U+4E09><U+660E><U+5E02>,Sanmíng,"Annual, ending ""Dec"" of each year",RMB mn,SR1926903,48 278.53,62 716.04,80 398.41,95 909.18,126 653.14,152 381.21,167 661.91,200 892.00,231 501.27,261 341.78,
27,49,CHN,China,4,Fujian,27,Xiamen,,,,Dìjíshì,Prefecture City,<U+53A6><U+95E8><U+5E02>,Xiàmén,"Annual, ending ""Dec"" of each year",RMB mn,SR1927094,223 045.05,275 160.22,351 778.47,363 465.60,454 541.15,532 117.70,595 489.00,678 633.00,749 525.63,784 500.45,
28,49,CHN,China,4,Fujian,28,Zhangzhou,,,,Dìjíshì,Prefecture City,<U+6F33><U+5DDE><U+5E02>,Zhangzhou,"Annual, ending ""Dec"" of each year",RMB mn,SR1927600,267 442.28,341 662.59,418 431.10,488 359.25,626 040.54,796 183.07,837 849.38,937 911.00,1069 943.03,1139 812.33,
29,49,CHN,China,5,Gansu,29,Baiyin,,,,Dìjíshì,Prefecture City,<U+767D><U+94F6><U+5E02>,Báiyín,"Annual, ending ""Dec"" of each year",RMB mn,SR1928428,33 695.84,51 026.20,44 199.67,42 959.74,54 110.44,66 654.09,70 634.48,76 448.06,81 511.19,78 804.86,
30,49,CHN,China,5,Gansu,30,Dingxi,,,,Dìjíshì,Prefecture City,<U+5B9A><U+897F><U+5E02>,Dìngxi,"Annual, ending ""Dec"" of each year",RMB mn,SR1927251,17 209.07,19 935.02,24 811.27,28 854.52,40 589.31,70 889.41,76 597.29,72 890.23,74 860.17,42 184.71,
31,49,CHN,China,5,Gansu,31,Gannan Tibetan,,,,Zìzhìzhou,Autonomous Prefecture,<U+7518><U+5357><U+85CF><U+65CF><U+81EA><U+6CBB><U+5DDE>,Gannán Zàngzú,,,,,,,,,,,,,,
32,49,CHN,China,5,Gansu,32,Jiayuguan,,,,Dìjíshì,Prefecture City,<U+5609><U+5CEA><U+5173><U+5E02>,Jiayùguan,"Annual, ending ""Dec"" of each year",RMB mn,SR1927247,95 313.31,118 061.74,137 620.72,132 488.00,159 260.00,208 374.42,231 100.00,266 947.03,255 526.00,218 476.00,
33,49,CHN,China,5,Gansu,33,Jinchang,,,,Dìjíshì,Prefecture City,<U+91D1><U+660C><U+5E02>,Jinchang,"Annual, ending ""Dec"" of each year",RMB mn,SR1927258,22 189.21,31 297.52,39 386.62,41 742.00,51 558.00,71 539.24,68 866.34,85 025.50,92 906.93,83 909.65,
34,49,CHN,China,5,Gansu,34,Jiuquan,,,,Dìjíshì,Prefecture City,<U+9152><U+6CC9><U+5E02>,Jiuquán,"Annual, ending ""Dec"" of each year",RMB mn,SR1926768,6 311.61,7 652.42,10 377.48,11 550.00,14 978.55,19 432.51,26 528.59,28 596.09,25 349.14,17 946.09,
35,49,CHN,China,5,Gansu,35,Lanzhou,,,,Dìjíshì,Prefecture City,<U+5170><U+5DDE><U+5E02>,Lánzhou,"Annual, ending ""Dec"" of each year",RMB mn,SR1927833,4 139.22,6 008.31,7 442.92,10 456.09,17 699.29,26 507.26,36 504.47,47 992.73,60 526.00,79 337.00,
36,49,CHN,China,5,Gansu,36,Linxia Hui,,,,Zìzhìzhou,Autonomous Prefecture,<U+4E34><U+590F><U+56DE><U+65CF><U+81EA><U+6CBB><U+5DDE>,Línxià Huizù,,,,,,,,,,,,,,
37,49,CHN,China,5,Gansu,37,Longnan,,,,Dìjíshì,Prefecture City,<U+9647><U+5357><U+5E02>,Longnán,"Annual, ending ""Dec"" of each year",RMB mn,SR1926849,2 046.42,4 257.85,4 164.50,4 451.59,5 274.95,5 605.54,9 281.28,13 148.00,14 259.20,15 216.79,
38,49,CHN,China,5,Gansu,38,Pingliang,,,,Dìjíshì,Prefecture City,<U+5E73><U+51C9><U+5E02>,Píngliáng,"Annual, ending ""Dec"" of each year",RMB mn,SR1928110,5 901.79,7 896.44,10 664.95,11 311.45,15 198.62,16 583.60,19 955.45,25 504.23,28 069.62,33 111.45,
39,49,CHN,China,5,Gansu,39,Qingyang,,,,Dìjíshì,Prefecture City,<U+5E86><U+9633><U+5E02>,Qìngyáng,"Annual, ending ""Dec"" of each year",RMB mn,SR1927829,17 460.96,24 866.44,27 976.58,26 869.30,48 802.65,56 835.08,69 769.71,80 542.32,69 954.38,46 897.43,
40,49,CHN,China,5,Gansu,40,Tianshui,,,,Dìjíshì,Prefecture City,<U+5929><U+6C34><U+5E02>,Tianshui,"Annual, ending ""Dec"" of each year",RMB mn,SR1927016,23 071.53,28 192.13,31 998.86,32 858.98,42 990.63,50 929.30,60 731.98,64 766.75,70 881.43,64 721.19,
41,49,CHN,China,5,Gansu,41,Wuwei,,,,Dìjíshì,Prefecture City,<U+6B66><U+5A01><U+5E02>,Wuwei,"Annual, ending ""Dec"" of each year",RMB mn,SR1926984,7 995.32,8 767.56,11 438.87,12 351.15,16 332.82,14 971.34,18 287.78,23 144.67,33 426.74,33 193.96,
42,49,CHN,China,5,Gansu,42,Zhangye,,,,Dìjíshì,Prefecture City,<U+5F20><U+6396><U+5E02>,Zhangyè,"Annual, ending ""Dec"" of each year",RMB mn,SR1927848,6 936.69,8 846.92,9 749.83,13 031.89,17 551.65,20 426.12,31 502.27,38 679.35,50 057.21,39 237.48,
43,49,CHN,China,6,Guangdong,43,Chaozhou,,,,Dìjíshì,Prefecture City,<U+6F6E><U+5DDE><U+5E02>,Cháozhou,"Annual, ending ""Dec"" of each year",RMB mn,SR1927309,275 626.52,328 356.59,376 653.65,405 797.06,502 363.09,574 683.68,570 215.97,567 375.00,603 209.25,634 528.00,661 480.00
44,49,CHN,China,6,Guangdong,44,Dongguan,,,,Dìjíshì,Prefecture City,<U+4E1C><U+839E><U+5E02>,Dongguan,"Annual, ending ""Dec"" of each year",RMB mn,SR1927675,61 659.64,110 425.05,164 605.51,202 406.02,288 704.28,175 219.94,133 443.97,143 242.00,166 975.85,168 013.00,181 351.00
45,49,CHN,China,6,Guangdong,45,Foshan,,,,Dìjíshì,Prefecture City,<U+4F5B><U+5C71><U+5E02>,Fóshan,"Annual, ending ""Dec"" of each year",RMB mn,SR1927443,88 660.11,106 784.61,133 050.53,153 109.65,189 756.66,189 226.03,211 154.19,248 180.00,277 167.77,296 880.00,330 380.00
46,49,CHN,China,6,Guangdong,46,Guangzhou,,,,Dìjíshì,Prefecture City,<U+5E7F><U+5DDE><U+5E02>,Guangzhou,"Annual, ending ""Dec"" of each year",RMB mn,SR1927787,41 328.88,59 139.96,84 853.75,75 273.01,103 824.60,140 010.17,147 218.04,165 091.69,171 250.73,166 363.99,
47,49,CHN,China,6,Guangdong,47,Heyuan,,,,Dìjíshì,Prefecture City,<U+6CB3><U+6E90><U+5E02>,Héyuán,"Annual, ending ""Dec"" of each year",RMB mn,SR1928484,14 624.84,19 905.01,25 781.02,31 960.30,43 242.30,57 941.42,76 062.67,96 872.00,109 514.81,116 608.00,123 347.00
48,49,CHN,China,6,Guangdong,48,Huizhou,,,,Dìjíshì,Prefecture City,<U+60E0><U+5DDE><U+5E02>,Huìzhou,"Annual, ending ""Dec"" of each year",RMB mn,SR1927969,45 422.72,67 503.80,96 405.39,117 901.33,174 418.89,246 895.57,281 643.89,341 029.00,386 350.12,403 437.00,402 212.00
49,49,CHN,China,6,Guangdong,49,Jiangmen,,,,Dìjíshì,Prefecture City,<U+6C5F><U+95E8><U+5E02>,Jiangmén,"Annual, ending ""Dec"" of each year",RMB mn,SR1927851,628 908.91,841 706.11,1065 847.42,1171 128.00,1452 746.94,1442 503.08,1465 396.39,1712 188.00,1879 664.73,1954 495.00,2118 732.00
50,49,CHN,China,6,Guangdong,50,Jieyang,,,,Dìjíshì,Prefecture City,<U+63ED><U+9633><U+5E02>,Jieyáng,"Annual, ending ""Dec"" of each year",RMB mn,SR1927060,36 572.93,44 489.06,52 137.64,58 107.10,72 311.93,84 022.05,89 163.11,108 831.00,122 198.74,132 580.00,142 296.00
51,49,CHN,China,6,Guangdong,51,Maoming,,,,Dìjíshì,Prefecture City,<U+8302><U+540D><U+5E02>,Màomíng,"Annual, ending ""Dec"" of each year",RMB mn,SR1926797,82 511.40,96 303.96,113 984.92,102 879.49,140 495.07,175 266.39,171 767.19,204 137.00,225 733.35,227 240.00,256 456.00
52,49,CHN,China,6,Guangdong,52,Meizhou,,,,Dìjíshì,Prefecture City,<U+6885><U+5DDE><U+5E02>,Méizhou,"Annual, ending ""Dec"" of each year",RMB mn,SR1927065,90 504.90,94 297.69,117 909.26,88 037.47,133 039.69,163 903.66,169 387.59,177 677.31,170 082.80,106 200.59,
53,49,CHN,China,6,Guangdong,53,Qingyuan,,,,Dìjíshì,Prefecture City,<U+6E05><U+8FDC><U+5E02>,Qingyuan,"Annual, ending ""Dec"" of each year",RMB mn,SR1928148,25 325.92,33 651.35,44 805.17,50 456.20,69 345.70,96 452.43,119 742.26,156 409.00,186 194.27,199 004.00,205 058.00
54,49,CHN,China,6,Guangdong,54,Shantou,,,,Dìjíshì,Prefecture City,<U+6C55><U+5934><U+5E02>,Shàntóu,"Annual, ending ""Dec"" of each year",RMB mn,SR1927937,195 251.27,235 737.12,249 668.32,240 504.48,297 618.20,337 724.89,307 256.14,346 086.00,370 225.80,396 602.00,435 338.00
55,49,CHN,China,6,Guangdong,55,Shanwei,,,,Dìjíshì,Prefecture City,<U+6C55><U+5C3E><U+5E02>,Shànwei,"Annual, ending ""Dec"" of each year",RMB mn,SR1928896,24 017.77,29 316.06,33 356.14,35 111.08,45 597.04,54 677.57,50 291.30,56 799.00,65 103.10,70 476.00,74 563.00
56,49,CHN,China,6,Guangdong,56,Shaoguan,,,,Dìjíshì,Prefecture City,<U+97F6><U+5173><U+5E02>,Sháoguan,"Annual, ending ""Dec"" of each year",RMB mn,SR1928833,728 205.64,890 317.14,1051 491.10,1137 676.45,1383 124.77,1571 271.51,1485 708.58,1719 288.00,1799 797.00,1842 473.00,1890 655.00
57,49,CHN,China,6,Guangdong,57,Shenzhen,,,,Dìjíshì,Prefecture City,<U+6DF1><U+5733><U+5E02>,Shenzhèn,"Annual, ending ""Dec"" of each year",RMB mn,SR1928377,45 124.18,58 555.60,67 042.70,59 922.75,77 336.78,91 785.82,100 017.88,116 059.00,128 670.04,122 178.00,123 754.00
58,49,CHN,China,6,Guangdong,58,Yangjiang,,,,Dìjíshì,Prefecture City,<U+9633><U+6C5F><U+5E02>,Yángjiang,"Annual, ending ""Dec"" of each year",RMB mn,SR1927592,31 022.59,47 234.54,51 956.23,60 468.28,83 273.17,104 139.39,95 366.30,114 014.00,140 230.38,144 302.00,159 918.00
59,49,CHN,China,6,Guangdong,59,Yunfu,,,,Dìjíshì,Prefecture City,<U+4E91><U+6D6E><U+5E02>,Yúnfú,"Annual, ending ""Dec"" of each year",RMB mn,SR1928636,39 163.33,58 306.70,88 566.04,115 329.00,179 481.86,229 898.45,282 878.88,360 419.00,426 875.30,480 312.00,513 114.00
60,49,CHN,China,6,Guangdong,60,Zhanjiang,,,,Dìjíshì,Prefecture City,<U+6E5B><U+6C5F><U+5E02>,Zhànjiang,"Annual, ending ""Dec"" of each year",RMB mn,SR1926870,175 249.04,223 132.25,270 954.81,293 326.00,382 890.57,467 120.04,251 947.13,310 786.00,362 549.24,399 876.00,427 438.00
61,49,CHN,China,6,Guangdong,61,Zhaoqing,,,,Dìjíshì,Prefecture City,<U+8087><U+5E86><U+5E02>,Zhàoqìng,"Annual, ending ""Dec"" of each year",RMB mn,SR1927967,89 998.42,104 238.64,119 977.55,109 812.62,136 014.93,170 391.25,177 551.68,214 612.00,240 184.89,232 805.00,248 341.00
62,49,CHN,China,6,Guangdong,62,Zhongshan,,,,Dìjíshì,Prefecture City,<U+4E2D><U+5C71><U+5E02>,Zhongshan,"Annual, ending ""Dec"" of each year",RMB mn,SR1928625,483 970.03,585 150.55,663 282.01,607 111.00,773 908.69,846 969.33,949 255.33,1102 345.00,1213 371.47,1274 442.00,1469 246.00
63,49,CHN,China,6,Guangdong,63,Zhuhai,,,,Dìjíshì,Prefecture City,<U+73E0><U+6D77><U+5E02>,Zhuhai,"Annual, ending ""Dec"" of each year",RMB mn,SR1927710,1192 860.01,1395 800.64,1585 427.64,1541 624.29,1852 682.00,2043 212.31,2136 305.23,2309 521.00,2477 759.11,2554 244.00,2729 229.00
64,49,CHN,China,7,Guangxi,64,Baise,,,,Dìjíshì,Prefecture City,<U+767E><U+8272><U+5E02>,Baisè,"Annual, ending ""Dec"" of each year",RMB mn,SR1927403,21 333.95,29 617.02,36 984.79,48 652.15,70 290.21,92 348.40,102 853.70,123 370.38,142 997.52,158 778.31,
65,49,CHN,China,7,Guangxi,65,Beihai,,,,Dìjíshì,Prefecture City,<U+5317><U+6D77><U+5E02>,Beihai,"Annual, ending ""Dec"" of each year",RMB mn,SR1928389,17 694.62,26 948.18,38 918.38,47 801.95,71 572.44,99 616.68,136 663.44,173 966.60,192 485.38,212 987.15,
66,49,CHN,China,7,Guangxi,66,Chongzuo,,,,Dìjíshì,Prefecture City,<U+5D07><U+5DE6><U+5E02>,Chóngzuo,"Annual, ending ""Dec"" of each year",RMB mn,SR1927628,13 031.76,17 263.40,21 262.42,22 390.53,36 828.03,50 311.41,56 364.51,50 289.62,52 046.61,51 086.79,
67,49,CHN,China,7,Guangxi,67,Fangchenggang,,,,Dìjíshì,Prefecture City,<U+9632><U+57CE><U+6E2F><U+5E02>,Fángchénggang,"Annual, ending ""Dec"" of each year",RMB mn,SR1928105,13 250.18,17 668.78,25 304.95,23 088.50,32 705.00,52 311.15,102 620.10,128 491.01,159 551.00,184 486.94,
68,49,CHN,China,7,Guangxi,68,Guigang,,,,Dìjíshì,Prefecture City,<U+8D35><U+6E2F><U+5E02>,Guìgang,"Annual, ending ""Dec"" of each year",RMB mn,SR1927046,12 076.03,18 175.69,25 615.40,27 144.69,48 174.45,94 055.77,109 336.00,113 058.01,128 348.67,135 846.74,
69,49,CHN,China,7,Guangxi,69,Guilin,,,,Dìjíshì,Prefecture City,<U+6842><U+6797><U+5E02>,Guìlín,"Annual, ending ""Dec"" of each year",RMB mn,SR1927813,89 731.35,114 981.37,145 516.65,177 159.86,238 879.37,287 238.55,342 688.56,391 795.26,432 394.43,445 525.06,
70,49,CHN,China,7,Guangxi,70,Hechi,,,,Dìjíshì,Prefecture City,<U+6CB3><U+6C60><U+5E02>,Héchí,"Annual, ending ""Dec"" of each year",RMB mn,SR1928240,7 678.22,11 496.19,12 399.18,11 918.90,17 809.42,25 045.02,30 351.10,36 413.67,38 336.89,42 435.87,
71,49,CHN,China,7,Guangxi,71,Hezhou,,,,Dìjíshì,Prefecture City,<U+8D3A><U+5DDE><U+5E02>,Hèzhou,"Annual, ending ""Dec"" of each year",RMB mn,SR1928191,20 527.03,26 784.88,,38 045.71,57 431.30,70 460.05,88 274.24,97 445.30,111 529.67,128 731.68,
72,49,CHN,China,7,Guangxi,72,Laibin,,,,Dìjíshì,Prefecture City,<U+6765><U+5BBE><U+5E02>,Láibin,"Annual, ending ""Dec"" of each year",RMB mn,SR1927127,16 248.24,22 634.46,24 788.40,24 220.18,35 276.91,38 983.68,29 788.72,34 578.34,38 310.87,38 003.69,
73,49,CHN,China,7,Guangxi,73,Liuzhou,,,,Dìjíshì,Prefecture City,<U+67F3><U+5DDE><U+5E02>,Liuzhou,"Annual, ending ""Dec"" of each year",RMB mn,SR1927546,49 548.08,66 906.67,85 570.94,98 164.80,128 540.44,172 529.22,210 932.67,255 713.48,285 663.04,323 706.06,
74,49,CHN,China,7,Guangxi,74,Nanning,,,,Dìjíshì,Prefecture City,<U+5357><U+5B81><U+5E02>,Nánníng,"Annual, ending ""Dec"" of each year",RMB mn,SR1928793,19 790.69,26 575.17,27 440.95,32 432.00,46 634.19,51 263.08,57 313.07,78 587.00,97 202.23,109 949.00,122 161.00
75,49,CHN,China,7,Guangxi,75,Qinzhou,,,,Dìjíshì,Prefecture City,<U+94A6><U+5DDE><U+5E02>,Qinzhou,"Annual, ending ""Dec"" of each year",RMB mn,SR1926977,11 465.02,18 495.07,27 717.81,34 265.13,45 393.14,63 556.22,76 723.23,96 441.05,114 108.45,130 089.98,
76,49,CHN,China,7,Guangxi,76,Wuzhou,,,,Dìjíshì,Prefecture City,<U+68A7><U+5DDE><U+5E02>,Wúzhou,"Annual, ending ""Dec"" of each year",RMB mn,SR1928817,34 436.87,47 240.40,63 183.17,70 207.02,94 285.69,123 552.85,158 551.37,192 242.17,212 556.15,237 471.09,
77,49,CHN,China,7,Guangxi,77,Yulin,,,,Dìjíshì,Prefecture City,<U+7389><U+6797><U+5E02>,Yùlín,"Annual, ending ""Dec"" of each year",RMB mn,SR1926853,20 437.07,24 110.85,26 060.29,31 079.22,40 441.27,54 542.28,71 808.84,85 610.27,100 383.22,106 385.87,
78,49,CHN,China,8,Guizhou,78,Anshun,,,,Dìjíshì,Prefecture City,<U+5B89><U+987A><U+5E02>,Anshùn,"Annual, ending ""Dec"" of each year",RMB mn,SR1928319,29 348.94,37 836.56,54 585.85,56 566.52,79 371.90,104 514.24,109 266.76,147 836.04,170 260.81,205 175.72,
79,49,CHN,China,8,Guizhou,79,Bijie,,,,Dìqu,Prefecture,<U+6BD5><U+8282><U+5730><U+533A>,Bìjié,,,,,,,,,,,,,,
80,49,CHN,China,8,Guizhou,80,Guiyang,,,,Dìjíshì,Prefecture City,<U+8D35><U+9633><U+5E02>,Guìyáng,"Annual, ending ""Dec"" of each year",RMB mn,SR1928312,29 135.82,41 401.09,62 985.58,84 500.39,117 340.66,158 638.49,174 030.00,192 387.00,200 520.10,188 024.19,
81,49,CHN,China,8,Guizhou,81,Liupanshui,,,,Dìjíshì,Prefecture City,<U+516D><U+76D8><U+6C34><U+5E02>,Liùpánshui,"Annual, ending ""Dec"" of each year",RMB mn,SR1927595,66 964.94,75 592.36,86 671.78,89 674.96,105 834.79,146 628.63,159 289.73,201 431.40,222 915.42,258 112.99,
82,49,CHN,China,8,Guizhou,82,Qiandongnan Miao and Dong,,,,Zìzhìzhou,Autonomous Prefecture,<U+9ED4><U+4E1C><U+5357><U+82D7><U+65CF><U+4F97><U+65CF><U+81EA><U+6CBB><U+5DDE>,Qiándongnán Miáozú|Dòngzú,,,,,,,,,,,,,,
83,49,CHN,China,8,Guizhou,83,Qiannan Buyei and Miao,,,,Zìzhìzhou,Autonomous Prefecture,<U+9ED4><U+5357><U+5E03><U+4F9D><U+65CF><U+82D7><U+65CF><U+81EA><U+6CBB><U+5DDE>,Qiánnán Bùyizú|Miáozú,,,,,,,,,,,,,,
84,49,CHN,China,8,Guizhou,84,Qianxinan Buyei and Miao,,,,Zìzhìzhou,Autonomous Prefecture,<U+9ED4><U+897F><U+5357><U+5E03><U+4F9D><U+65CF><U+82D7><U+65CF><U+81EA><U+6CBB><U+5DDE>,Qiánxinán Bùyizú|Miáozú,,,,,,,,,,,,,,
85,49,CHN,China,8,Guizhou,85,Tongren,,,,Dìqu,Prefecture,<U+94DC><U+4EC1><U+5730><U+533A>,Tóngrén,,,,,,,,,,,,,,
86,49,CHN,China,8,Guizhou,86,Zunyi,,,,Dìjíshì,Prefecture City,<U+9075><U+4E49><U+5E02>,Zunyì,"Annual, ending ""Dec"" of each year",RMB mn,SR1927198,23 586.32,32 883.17,49 524.21,49 432.84,66 297.75,92 795.75,107 792.88,121 160.14,143 765.66,141 531.09,
87,49,CHN,China,9,Hainan,87,Haikou,,,,Dìjíshì,Prefecture City,<U+6D77><U+53E3><U+5E02>,Haikou,"Annual, ending ""Dec"" of each year",RMB mn,SR1928397,13 218.12,16 972.72,20 848.05,21 679.78,30 657.47,40 011.51,45 389.27,52 508.00,58 776.01,65 477.58,
88,49,CHN,China,9,Hainan,88,Hainan,,,,Dìqu,Prefecture,<U+6D77><U+5357>,Hainán,,,,,,,,,,,,,,
89,49,CHN,China,9,Hainan,89,Sanya,,,,Dìjíshì,Prefecture City,<U+4E09><U+4E9A><U+5E02>,Sanyà,"Annual, ending ""Dec"" of each year",RMB mn,SR1927548,28 388.69,32 432.97,30 540.99,30 922.23,41 796.53,48 856.02,51 601.73,54 260.00,49 293.92,50 143.19,50 355.54
90,49,CHN,China,10,Hebei,90,Baoding,,,,Dìjíshì,Prefecture City,<U+4FDD><U+5B9A><U+5E02>,Baodìng,"Annual, ending ""Dec"" of each year",RMB mn,SR1927471,89 063.64,112 804.52,141 448.37,142 015.44,176 459.68,225 489.66,248 552.89,269 574.00,272 035.61,270 293.40,
91,49,CHN,China,10,Hebei,91,Cangzhou,,,,Dìjíshì,Prefecture City,<U+6CA7><U+5DDE><U+5E02>,Cangzhou,"Annual, ending ""Dec"" of each year",RMB mn,SR1926753,48 931.96,71 738.09,107 612.80,98 784.49,120 352.10,161 114.41,170 656.72,184 930.00,179 551.30,169 580.10,
92,49,CHN,China,10,Hebei,92,Chengde,,,,Dìjíshì,Prefecture City,<U+627F><U+5FB7><U+5E02>,Chéngdé,"Annual, ending ""Dec"" of each year",RMB mn,SR1927800,42 275.82,55 158.62,68 911.92,68 420.59,89 348.36,111 220.60,119 954.31,133 556.00,140 190.52,134 633.22,
93,49,CHN,China,10,Hebei,93,Handan,,,,Dìjíshì,Prefecture City,<U+90AF><U+90F8><U+5E02>,Hándan,"Annual, ending ""Dec"" of each year",RMB mn,SR1927400,57 098.82,78 430.79,100 430.77,91 055.99,113 154.65,141 206.33,150 080.77,151 535.00,155 848.53,140 916.38,
94,49,CHN,China,10,Hebei,94,Hengshui,,,,Dìjíshì,Prefecture City,<U+8861><U+6C34><U+5E02>,Héngshui,"Annual, ending ""Dec"" of each year",RMB mn,SR1928420,83 604.74,112 064.21,144 499.83,164 568.22,216 938.12,278 800.48,316 831.22,344 356.00,364 127.10,369 330.03,
95,49,CHN,China,10,Hebei,95,Langfang,,,,Dìjíshì,Prefecture City,<U+5ECA><U+574A><U+5E02>,Lángfáng,"Annual, ending ""Dec"" of each year",RMB mn,SR1927605,129 604.19,160 785.41,201 324.18,219 059.56,281 739.13,370 735.50,450 681.71,531 169.00,568 048.36,578 918.27,
96,49,CHN,China,10,Hebei,96,Qinhuangdao,,,,Dìjíshì,Prefecture City,<U+79E6><U+7687><U+5C9B><U+5E02>,Qínhuángdao,"Annual, ending ""Dec"" of each year",RMB mn,SR1927409,329 239.42,384 308.89,579 571.23,581 916.38,754 503.31,957 367.46,996 284.24,1054 514.00,1033 746.48,932 631.53,
97,49,CHN,China,10,Hebei,97,Shijiazhuang,,,,Dìjíshì,Prefecture City,<U+77F3><U+5BB6><U+5E84><U+5E02>,Shíjiazhuang,"Annual, ending ""Dec"" of each year",RMB mn,SR1928544,852 770.00,1007 507.00,1250 325.00,1308 363.00,1675 181.55,2086 274.43,2342 750.26,2651 451.00,2803 502.75,2824 213.05,
98,49,CHN,China,10,Hebei,98,Tangshan,,,,Dìjíshì,Prefecture City,<U+5510><U+5C71><U+5E02>,Tángshan,"Annual, ending ""Dec"" of each year",RMB mn,SR1927503,256 065.57,329 372.86,410 378.67,446 353.87,565 534.23,726 056.45,764 314.57,846 023.00,902 241.26,941 047.45,
99,49,CHN,China,10,Hebei,99,Xingtai,,,,Dìjíshì,Prefecture City,<U+90A2><U+53F0><U+5E02>,Xíngtái,"Annual, ending ""Dec"" of each year",RMB mn,SR1928561,155 267.43,212 991.26,307 702.77,316 441.89,410 732.43,509 523.87,539 375.50,510 336.00,519 374.35,476 515.27,
100,49,CHN,China,10,Hebei,100,Zhangjiakou,,,,Dìjíshì,Prefecture City,<U+5F20><U+5BB6><U+53E3><U+5E02>,Zhangjiakou,"Annual, ending ""Dec"" of each year",RMB mn,SR1928640,111 863.64,137 070.09,170 633.45,207 646.68,287 486.35,362 785.33,411 355.20,441 971.00,457 854.66,412 023.79,
101,49,CHN,China,11,Heilongjiang,101,Daqing,,,,Dìjíshì,Prefecture City,<U+5927><U+5E86><U+5E02>,Dàqìng,"Annual, ending ""Dec"" of each year",RMB mn,SR1926727,10 724.46,15 314.77,22 137.46,28 688.21,36 187.86,50 737.90,63 231.66,68 390.00,29 623.67,25 150.42,
102,49,CHN,China,11,Heilongjiang,102,Daxing'anling,,,,Dìqu,Prefecture,<U+5927><U+5174><U+5B89><U+5CAD><U+5730><U+533A>,Dàxing'anling,,,,,,,,,,,,,,
103,49,CHN,China,11,Heilongjiang,103,Harbin,,,,Dìjíshì,Prefecture City,<U+54C8><U+5C14><U+6EE8><U+5E02>,Ha'erbin,"Annual, ending ""Dec"" of each year",RMB mn,SR1927562,8 013.35,10 578.15,14 800.35,18 902.42,25 924.56,35 366.82,46 961.76,56 727.43,62 926.66,65 965.18,
104,49,CHN,China,11,Heilongjiang,104,Hegang,,,,Dìjíshì,Prefecture City,<U+9E64><U+5C97><U+5E02>,Hègang,"Annual, ending ""Dec"" of each year",RMB mn,SR1926717,13 194.55,13 922.39,20 738.29,20 582.82,28 893.86,35 883.83,37 042.00,32 520.00,25 044.68,23 731.70,
105,49,CHN,China,11,Heilongjiang,105,Heihe,,,,Dìjíshì,Prefecture City,<U+9ED1><U+6CB3><U+5E02>,Heihé,"Annual, ending ""Dec"" of each year",RMB mn,SR1926825,16 682.77,19 884.18,25 294.20,30 732.36,45 041.98,59 498.77,72 510.00,86 820.00,97 482.89,99 142.95,
106,49,CHN,China,11,Heilongjiang,106,Jiamusi,,,,Dìjíshì,Prefecture City,<U+4F73><U+6728><U+65AF><U+5E02>,Jiamùsi,"Annual, ending ""Dec"" of each year",RMB mn,SR1927113,6 660.83,8 345.93,11 183.23,12 289.40,19 457.40,17 631.32,17 881.76,20 300.00,12 853.76,9 583.94,
107,49,CHN,China,11,Heilongjiang,107,Jixi,,,,Dìjíshì,Prefecture City,<U+9E21><U+897F><U+5E02>,Jixi,"Annual, ending ""Dec"" of each year",RMB mn,SR1927797,34 018.62,46 272.77,59 605.98,63 021.78,83 205.61,98 637.99,89 191.92,97 690.00,98 725.08,103 940.28,
108,49,CHN,China,11,Heilongjiang,108,Mudanjiang,,,,Dìjíshì,Prefecture City,<U+7261><U+4E39><U+6C5F><U+5E02>,Mudanjiang,"Annual, ending ""Dec"" of each year",RMB mn,SR1928910,11 069.54,14 049.59,23 385.80,28 746.00,44 478.00,39 792.34,36 818.00,23 710.00,18 821.00,15 490.28,
109,49,CHN,China,11,Heilongjiang,109,Qiqihar,,,,Dìjíshì,Prefecture City,<U+9F50><U+9F50><U+54C8><U+5C14><U+5E02>,Qíqíha'er,"Annual, ending ""Dec"" of each year",RMB mn,SR1927529,133 540.23,151 288.35,182 476.77,199 061.35,230 473.64,256 413.87,250 374.00,297 060.00,365 005.29,382 600.82,
110,49,CHN,China,11,Heilongjiang,110,Qitaihe,,,,Dìjíshì,Prefecture City,<U+4E03><U+53F0><U+6CB3><U+5E02>,Qitáihé,"Annual, ending ""Dec"" of each year",RMB mn,SR1927666,11 021.18,12 885.10,17 005.68,21 481.42,31 393.80,39 342.16,50 648.72,62 350.00,66 106.36,58 976.42,
111,49,CHN,China,11,Heilongjiang,111,Shuangyashan,,,,Dìjíshì,Prefecture City,<U+53CC><U+9E2D><U+5C71><U+5E02>,Shuangyashan,"Annual, ending ""Dec"" of each year",RMB mn,SR1927399,10 325.90,12 661.05,17 130.46,21 423.63,28 441.94,36 562.17,30 691.00,22 490.00,18 959.90,18 254.12,
112,49,CHN,China,11,Heilongjiang,112,Suihua,,,,Dìjíshì,Prefecture City,<U+7EE5><U+5316><U+5E02>,Suíhuà,"Annual, ending ""Dec"" of each year",RMB mn,SR1928416,2 271.56,2 448.44,5 474.38,5 949.36,9 467.08,10 468.80,10 885.00,12 730.00,13 028.03,13 165.82,
113,49,CHN,China,11,Heilongjiang,113,Yichun,,,,Dìjíshì,Prefecture City,<U+4F0A><U+6625><U+5E02>,Yichun,"Annual, ending ""Dec"" of each year",RMB mn,SR1926969,20 780.37,36 669.53,57 564.69,74 681.73,113 493.23,155 701.62,182 345.53,218 941.41,277 474.05,301 435.00,
114,49,CHN,China,12,Henan,114,Anyang,,,,Dìjíshì,Prefecture City,<U+5B89><U+9633><U+5E02>,Anyáng,"Annual, ending ""Dec"" of each year",RMB mn,SR1927366,79 485.64,104 946.78,149 842.79,160 417.13,200 315.93,255 356.47,227 588.45,243 759.43,254 614.50,252 732.97,
115,49,CHN,China,12,Henan,115,Hebi,,,,Dìjíshì,Prefecture City,<U+9E64><U+58C1><U+5E02>,Hèbì,"Annual, ending ""Dec"" of each year",RMB mn,SR1928570,94 863.33,130 860.52,175 674.07,185 121.68,260 486.74,312 127.86,290 975.57,319 872.81,352 465.00,360 667.14,
116,49,CHN,China,12,Henan,116,Jiaozuo,,,,Dìjíshì,Prefecture City,<U+7126><U+4F5C><U+5E02>,Jiaozuò,"Annual, ending ""Dec"" of each year",RMB mn,SR1928088,80 868.37,108 987.33,146 082.49,155 057.88,217 332.34,292 421.19,323 031.25,346 139.76,400 517.84,408 950.39,
117,49,CHN,China,12,Henan,117,Jiyuan shi,,,,Dìjíshì,Prefecture City,<U+6D4E><U+6E90><U+5E02>,Jiyuán,,,,,,,,,,,,,,
118,49,CHN,China,12,Henan,118,Kaifeng,,,,Dìjíshì,Prefecture City,<U+5F00><U+5C01><U+5E02>,Kaifeng,"Annual, ending ""Dec"" of each year",RMB mn,SR1927210,236 450.73,299 414.15,406 147.45,475 297.61,591 376.24,742 262.83,941 297.52,1093 465.43,1237 470.17,1365 332.71,
119,49,CHN,China,12,Henan,119,Luohe,,,,Dìjíshì,Prefecture City,<U+6F2F><U+6CB3><U+5E02>,Luòhé,"Annual, ending ""Dec"" of each year",RMB mn,SR1928344,91 927.75,116 601.35,156 870.06,179 312.69,249 665.45,314 298.50,373 724.71,432 942.32,521 748.08,557 584.90,
120,49,CHN,China,12,Henan,120,Luoyang,,,,Dìjíshì,Prefecture City,<U+6D1B><U+9633><U+5E02>,Luòyáng,"Annual, ending ""Dec"" of each year",RMB mn,SR1927517,37 475.68,47 476.58,67 109.35,76 772.08,97 992.95,133 404.82,163 555.58,201 410.89,204 605.54,272 330.84,
121,49,CHN,China,12,Henan,121,Nanyang,,,,Dìjíshì,Prefecture City,<U+5357><U+9633><U+5E02>,Nányáng,"Annual, ending ""Dec"" of each year",RMB mn,SR1928602,69 438.36,98 862.52,137 295.07,151 729.97,203 984.77,272 845.39,309 609.22,320 032.63,344 247.79,338 617.92,
122,49,CHN,China,12,Henan,122,Pingdingshan,,,,Dìjíshì,Prefecture City,<U+5E73><U+9876><U+5C71><U+5E02>,Píngdingshan,"Annual, ending ""Dec"" of each year",RMB mn,SR1926892,164 998.49,208 820.11,268 237.87,281 167.46,413 230.63,496 663.27,590 280.41,615 723.30,637 376.94,675 003.02,
123,49,CHN,China,12,Henan,123,Puyang,,,,Dìjíshì,Prefecture City,<U+6FEE><U+9633><U+5E02>,Púyáng,"Annual, ending ""Dec"" of each year",RMB mn,SR1928630,116 363.41,151 511.42,186 543.38,207 019.07,288 587.79,329 415.34,351 902.10,422 063.92,474 440.97,528 083.72,
124,49,CHN,China,12,Henan,124,Sanmenxia,,,,Dìjíshì,Prefecture City,<U+4E09><U+95E8><U+5CE1><U+5E02>,Sanménxiá,"Annual, ending ""Dec"" of each year",RMB mn,SR1926878,65 484.04,82 451.52,103 337.39,114 875.03,162 572.47,176 845.67,188 273.82,203 373.00,249 322.54,278 052.49,
125,49,CHN,China,12,Henan,125,Shangqiu,,,,Dìqu,Prefecture,<U+5546><U+4E18><U+5E02>,Shangqiu Xiàn,"Annual, ending ""Dec"" of each year",RMB mn,SR1927248,94 540.24,117 868.73,154 810.57,163 758.31,249 521.30,282 902.02,292 973.56,299 489.14,400 707.82,445 503.73,
126,49,CHN,China,12,Henan,126,Xinxiang,,,,Dìjíshì,Prefecture City,<U+65B0><U+4E61><U+5E02>,Xinxiang,"Annual, ending ""Dec"" of each year",RMB mn,SR1927805,34 822.88,46 999.39,60 589.68,67 322.16,98 909.70,117 254.11,132 148.69,156 029.01,177 263.54,191 477.92,
127,49,CHN,China,12,Henan,127,Xinyang,,,,Dìjíshì,Prefecture City,<U+4FE1><U+9633><U+5E02>,Xìnyáng,"Annual, ending ""Dec"" of each year",RMB mn,SR1928035,47 515.09,64 551.57,87 626.26,90 582.48,135 943.61,167 567.88,190 227.39,224 235.13,266 333.97,305 667.32,
128,49,CHN,China,12,Henan,128,Xuchang,,,,Dìjíshì,Prefecture City,<U+8BB8><U+660C><U+5E02>,Xuchang,"Annual, ending ""Dec"" of each year",RMB mn,SR1928284,69 694.80,83 151.18,112 300.88,111 560.95,138 526.96,201 292.26,211 553.38,260 754.20,306 932.56,342 883.55,
129,49,CHN,China,12,Henan,129,Zhengzhou,,,,Dìjíshì,Prefecture City,<U+90D1><U+5DDE><U+5E02>,Zhèngzhou,"Annual, ending ""Dec"" of each year",RMB mn,SR1928588,64 204.48,96 594.77,139 432.26,192 299.48,253 203.25,342 055.53,433 599.57,527 545.13,634 361.56,718 912.00,
130,49,CHN,China,12,Henan,130,Zhoukou,,,,Dìjíshì,Prefecture City,<U+5468><U+53E3><U+5E02>,Zhoukou,"Annual, ending ""Dec"" of each year",RMB mn,SR1927520,38 939.77,50 412.74,63 707.31,74 360.12,111 756.24,136 924.66,147 268.92,177 189.79,222 808.26,254 938.64,
131,49,CHN,China,12,Henan,131,Zhumadian,,,,Dìjíshì,Prefecture City,<U+9A7B><U+9A6C><U+5E97><U+5E02>,Zhùmadiàn,"Annual, ending ""Dec"" of each year",RMB mn,SR1928236,47 650.69,61 707.08,75 414.57,93 270.57,150 071.29,185 314.86,229 458.62,299 697.94,350 675.21,409 879.76,
132,49,CHN,China,13,Hubei,132,Enshi Tujia and Miao,,,,Zìzhìzhou,Autonomous Prefecture,<U+6069><U+65BD><U+571F><U+5BB6><U+65CF><U+82D7><U+65CF><U+81EA><U+6CBB><U+5DDE>,Enshi Tujiazú|Miáozú,,,,,,,,,,,,,,
133,49,CHN,China,13,Hubei,133,Ezhou,,,,Dìjíshì,Prefecture City,<U+9102><U+5DDE><U+5E02>,Èzhou,"Annual, ending ""Dec"" of each year",RMB mn,SR1928761,65 492.23,79 032.47,111 015.08,152 361.00,229 880.86,327 697.00,377 589.00,453 208.00,512 040.00,587 906.00,645 698.00
134,49,CHN,China,13,Hubei,134,Huanggang,,,,Dìjíshì,Prefecture City,<U+9EC4><U+5188><U+5E02>,Huánggang,"Annual, ending ""Dec"" of each year",RMB mn,SR1928015,31 927.40,42 427.42,57 959.76,66 992.00,89 757.00,118 235.63,151 988.00,190 057.00,218 350.20,236 855.00,247 476.00
135,49,CHN,China,13,Hubei,135,Huangshi,,,,Dìjíshì,Prefecture City,<U+9EC4><U+77F3><U+5E02>,Huángshí,"Annual, ending ""Dec"" of each year",RMB mn,SR1927204,281 858.69,352 563.48,577 375.51,579 888.00,642 459.00,877 811.41,1006 306.00,1142 398.00,1194 787.00,1286 295.00,1324 092.00
136,49,CHN,China,13,Hubei,136,Jingmen,,,,Dìjíshì,Prefecture City,<U+8346><U+95E8><U+5E02>,Jingmén,"Annual, ending ""Dec"" of each year",RMB mn,SR1928868,22 010.53,28 907.94,37 244.42,42 302.65,63 309.96,90 118.38,106 389.82,122 153.00,136 237.95,128 641.00,142 430.00
137,49,CHN,China,13,Hubei,137,Jingzhou,,,,Dìjíshì,Prefecture City,<U+8346><U+5DDE><U+5E02>,Jingzhou,"Annual, ending ""Dec"" of each year",RMB mn,SR1927201,30 610.14,40 845.79,54 525.65,68 814.38,100 321.52,143 784.51,187 853.45,215 988.00,243 870.97,267 140.00,286 515.00
138,49,CHN,China,13,Hubei,138,Qianjiang,,,,Dìjíshì,Prefecture City,<U+6F5C><U+6C5F><U+5E02>,Qiánjiang,,,,,,,,,,,,,,
139,49,CHN,China,13,Hubei,139,Shennongjia,,,,Dìqu,Prefecture,<U+795E><U+519C><U+67B6><U+6797><U+533A>,Shénnóngjià Línqu,,,,,,,,,,,,,,
140,49,CHN,China,13,Hubei,140,Shiyan,,,,Dìjíshì,Prefecture City,<U+5341><U+5830><U+5E02>,Shíyàn,"Annual, ending ""Dec"" of each year",RMB mn,SR1927158,52 805.57,70 954.00,87 174.00,86 462.00,119 757.00,160 312.00,182 260.00,210 117.00,219 061.00,200 591.00,209 907.00
141,49,CHN,China,13,Hubei,141,Suizhou Shi,,,,Dìjíshì,Prefecture City,<U+968F><U+5DDE><U+5E02>,Suízhou,,,,,,,,,,,,,,
142,49,CHN,China,13,Hubei,142,Tianmen,,,,Dìjíshì,Prefecture City,<U+5929><U+95E8><U+5E02>,Tianmén,,,,,,,,,,,,,,
143,49,CHN,China,13,Hubei,143,Wuhan,,,,Dìjíshì,Prefecture City,<U+6B66><U+6C49><U+5E02>,Wuhàn,"Annual, ending ""Dec"" of each year",RMB mn,SR1928538,36 853.76,48 747.65,64 096.27,74 843.07,113 776.76,144 920.72,172 473.34,208 707.16,249 756.25,284 287.86,
144,49,CHN,China,13,Hubei,144,Xiangfan,,,,Dìjíshì,Prefecture City,<U+8944><U+6A0A><U+5E02>,Xiangfán,,,,,,,,,,,,,,
145,49,CHN,China,13,Hubei,145,Xianning,,,,Dìjíshì,Prefecture City,<U+54B8><U+5B81><U+5E02>,Xiánníng,"Annual, ending ""Dec"" of each year",RMB mn,SR1927200,18 565.80,27 640.43,44 168.00,57 090.00,81 307.00,96 838.00,122 255.00,153 337.00,175 746.00,185 361.00,192 987.00
146,49,CHN,China,13,Hubei,146,Xiantao,,,,Dìjíshì,Prefecture City,<U+4ED9><U+6843><U+5E02>,Xiantáo,,,,,,,,,,,,,,
147,49,CHN,China,13,Hubei,147,Xiaogan,,,,Dìjíshì,Prefecture City,<U+5B5D><U+611F><U+5E02>,Xiàogan,"Annual, ending ""Dec"" of each year",RMB mn,SR1928262,43 806.59,55 853.83,71 825.74,88 323.40,120 010.85,173 284.00,220 058.23,260 544.00,292 512.51,308 960.00,331 948.00
148,49,CHN,China,13,Hubei,148,Yichang,,,,Dìjíshì,Prefecture City,<U+5B9C><U+660C><U+5E02>,Yíchang,"Annual, ending ""Dec"" of each year",RMB mn,SR1928560,41 143.33,56 295.62,63 391.11,83 240.00,128 040.19,136 227.39,139 381.33,170 963.00,187 107.09,182 254.00,198 986.00
149,49,CHN,China,14,Hunan,149,Changde,,,,Dìjíshì,Prefecture City,<U+5E38><U+5FB7><U+5E02>|<U+5E38><U+5FB7><U+5E02>,Chángdé,"Annual, ending ""Dec"" of each year",RMB mn,SR1926931,92 727.53,126 834.38,168 972.83,199 741.48,278 432.53,382 572.03,434 127.06,465 652.05,479 521.96,492 213.92,
150,49,CHN,China,14,Hunan,150,Changsha,,,,Dìjíshì,Prefecture City,<U+957F><U+6C99><U+5E02>|<U+9577><U+6C99><U+5E02>,Chángsha,"Annual, ending ""Dec"" of each year",RMB mn,SR1926769,19 022.41,23 167.70,28 841.17,32 845.00,50 976.29,69 396.54,90 389.00,105 772.00,123 747.35,126 889.00,134 622.00
151,49,CHN,China,14,Hunan,151,Chenzhou,,,,Dìjíshì,Prefecture City,<U+90F4><U+5DDE><U+5E02>|<U+90F4><U+5DDE><U+5E02>,Chenzhou,"Annual, ending ""Dec"" of each year",RMB mn,SR1927278,21 085.75,31 543.70,43 339.91,56 712.18,80 809.03,113 406.60,131 586.98,156 597.69,183 944.60,203 494.92,
152,49,CHN,China,14,Hunan,152,Hengyang,,,,Dìjíshì,Prefecture City,<U+8861><U+9633><U+5E02>|<U+8861><U+967D><U+5E02>,Héngyáng,"Annual, ending ""Dec"" of each year",RMB mn,SR1928522,47 084.80,65 610.35,93 035.34,108 626.56,149 625.25,210 632.28,233 355.87,256 267.82,283 313.65,305 364.94,
153,49,CHN,China,14,Hunan,153,Huaihua,,,,Dìjíshì,Prefecture City,<U+6000><U+5316><U+5E02>|<U+61F7><U+5316><U+5E02>,Huáihuà,"Annual, ending ""Dec"" of each year",RMB mn,SR1928513,19 087.78,25 881.69,31 931.24,42 151.11,59 373.23,86 000.96,69 562.94,82 955.00,83 396.00,112 938.95,
154,49,CHN,China,14,Hunan,154,Loudi,,,,Dìjíshì,Prefecture City,<U+5A04><U+5E95><U+5E02>|<U+5A41><U+5E95><U+5E02>,Lóudi,"Annual, ending ""Dec"" of each year",RMB mn,SR1928214,20 155.64,28 658.05,38 775.06,48 383.49,69 989.21,102 832.62,82 715.16,90 037.65,85 641.35,90 685.00,
155,49,CHN,China,14,Hunan,155,Shaoyang,,,,Dìjíshì,Prefecture City,<U+90B5><U+9633><U+5E02>|<U+90B5><U+967D><U+5E02>,Shàoyáng,"Annual, ending ""Dec"" of each year",RMB mn,SR1927290,54 291.17,77 446.54,104 819.63,127 644.94,188 324.69,282 361.72,277 822.75,304 290.05,234 396.42,205 097.46,
156,49,CHN,China,14,Hunan,156,Xiangtan,,,,Dìjíshì,Prefecture City,<U+6E58><U+6F6D><U+5E02>|<U+6E58><U+6F6D><U+5E02>,Xiangtán,"Annual, ending ""Dec"" of each year",RMB mn,SR1928532,56 587.08,79 367.25,102 638.65,123 169.26,171 494.42,221 662.93,232 464.43,271 859.98,300 963.84,330 575.41,
157,49,CHN,China,14,Hunan,157,Xiangxi Tujia and Miao,,,,Zìzhìzhou,Autonomous Prefecture,<U+6E58><U+897F><U+571F><U+5BB6><U+65CF><U+82D7><U+65CF><U+81EA><U+6CBB><U+5DDE>|<U+6E58><U+897F><U+571F><U+5BB6><U+65CF><U+82D7><U+65CF><U+81EA><U+6CBB><U+5DDE>,Xiangxi Tujiazú|Miáozú,,,,,,,,,,,,,,
158,49,CHN,China,14,Hunan,158,Yiyang,,,,Dìjíshì,Prefecture City,<U+76CA><U+9633><U+5E02>|<U+76CA><U+967D><U+5E02>,Yìyáng,"Annual, ending ""Dec"" of each year",RMB mn,SR1927370,3 805.99,5 038.31,6 209.46,7 505.04,10 894.44,16 531.41,11 430.28,13 730.59,13 364.28,12 788.89,
159,49,CHN,China,14,Hunan,159,Yongzhou,,,,Dìjíshì,Prefecture City,<U+6C38><U+5DDE><U+5E02>|<U+6C38><U+5DDE><U+5E02>,Yongzhou,"Annual, ending ""Dec"" of each year",RMB mn,SR1928222,50 312.88,67 154.64,74 363.12,91 330.76,144 008.25,220 455.93,244 109.64,278 719.58,309 846.15,323 519.39,
160,49,CHN,China,14,Hunan,160,Yueyang,,,,Dìjíshì,Prefecture City,<U+5CB3><U+9633><U+5E02>|<U+5CB3><U+967D><U+5E02>,Yuèyáng,"Annual, ending ""Dec"" of each year",RMB mn,SR1926697,21 073.81,30 086.45,40 917.05,50 840.29,71 270.07,102 225.06,122 147.00,144 403.17,170 379.00,193 916.00,
161,49,CHN,China,14,Hunan,161,Zhangjiajie,,,,Dìjíshì,Prefecture City,<U+5F20><U+5BB6><U+754C><U+5E02>|<U+5F35><U+5BB6><U+754C><U+5E02>,Zhangjiajiè,"Annual, ending ""Dec"" of each year",RMB mn,SR1927784,44 139.58,57 325.60,77 609.73,90 687.00,126 266.65,173 295.42,187 618.75,215 966.08,231 026.78,253 315.75,
162,49,CHN,China,14,Hunan,162,Zhuzhou,,,,Dìjíshì,Prefecture City,<U+682A><U+6D32><U+5E02>|<U+682A><U+6D32><U+5E02>,Zhuzhou,"Annual, ending ""Dec"" of each year",RMB mn,SR1927803,127 175.84,173 267.28,268 773.60,337 285.55,416 542.94,597 566.09,646 258.00,777 764.03,954 476.16,1054 592.23,
163,49,CHN,China,15,Jiangsu,163,Changzhou,,,,Dìjíshì,Prefecture City,<U+5E38><U+5DDE><U+5E02>,Chángzhou,"Annual, ending ""Dec"" of each year",RMB mn,SR1928504,163 254.65,214 357.27,284 667.82,359 750.51,511 296.60,695 065.33,888 228.52,1052 310.00,1139 064.00,1221 591.00,1364 436.00
164,49,CHN,China,15,Jiangsu,164,Huai'an,,,,Dìjíshì,Prefecture City,<U+6DEE><U+5B89><U+5E02>,Huái'an,,,,,,,,,,,,,,
165,49,CHN,China,15,Jiangsu,165,Lianyungang,,,,Dìjíshì,Prefecture City,<U+8FDE><U+4E91><U+6E2F><U+5E02>,Liányúngang,"Annual, ending ""Dec"" of each year",RMB mn,SR1928324,294 952.74,402 941.86,516 242.48,609 489.00,738 316.30,867 981.71,989 012.46,1135 154.00,1249 970.00,1351 533.00,1452 572.00
166,49,CHN,China,15,Jiangsu,166,Nanjing,,,,Dìjíshì,Prefecture City,<U+5357><U+4EAC><U+5E02>,Nánjing,"Annual, ending ""Dec"" of each year",RMB mn,SR1927124,1963 123.00,2310 863.00,2596 838.00,2488 808.00,3103 857.00,3383 444.00,3318 641.00,3389 938.00,3407 119.00,3132 262.40,3108 272.00
167,49,CHN,China,15,Jiangsu,167,Nantong,,,,Dìjíshì,Prefecture City,<U+5357><U+901A><U+5E02>,Nántong,"Annual, ending ""Dec"" of each year",RMB mn,SR1927071,1253 851.24,1590 891.77,1863 012.95,2028 449.54,2465 166.65,2777 849.06,2874 554.09,3039 290.00,3032 217.00,3024 925.00,3071 399.00
168,49,CHN,China,15,Jiangsu,168,Suqian,,,,Dìjíshì,Prefecture City,<U+5BBF><U+8FC1><U+5E02>,Sùqian,"Annual, ending ""Dec"" of each year",RMB mn,SR1926978,166 454.19,226 658.86,294 982.00,376 946.34,491 607.75,581 312.51,712 729.46,850 165.00,945 636.00,1106 314.00,1217 080.00
169,49,CHN,China,15,Jiangsu,169,Suzhou,,,,Dìjíshì,Prefecture City,<U+82CF><U+5DDE><U+5E02>,Suzhou,"Annual, ending ""Dec"" of each year",RMB mn,SR1927182,20 711.26,30 165.81,41 210.35,50 422.82,70 370.12,92 450.68,107 332.00,135 768.00,168 170.62,198 969.23,
170,49,CHN,China,15,Jiangsu,170,Taizhou,,,,Dìjíshì,Prefecture City,<U+6CF0><U+5DDE><U+5E02>,Tàizhou,"Annual, ending ""Dec"" of each year",RMB mn,SR1926922,36 038.96,48 635.50,67 186.54,79 056.01,97 905.17,110 517.33,119 983.34,133 356.00,149 776.09,163 336.76,187 211.00
171,49,CHN,China,15,Jiangsu,171,Wuxi,,,,Dìjíshì,Prefecture City,<U+65E0><U+9521><U+5E02>,Wúxi,"Annual, ending ""Dec"" of each year",RMB mn,SR1926752,469 281.06,578 815.94,647 223.36,679 976.52,860 949.98,1035 464.52,1143 780.20,1264 714.00,1319 967.00,1290 513.00,1294 502.00
172,49,CHN,China,15,Jiangsu,172,Xuzhou,,,,Dìjíshì,Prefecture City,<U+5F90><U+5DDE><U+5E02>,Xúzhou,"Annual, ending ""Dec"" of each year",RMB mn,SR1927217,711 529.03,893 987.14,1028 167.14,1084 152.88,1297 108.11,1456 838.43,1444 685.29,1489 065.00,1442 566.00,1454 987.00,1435 296.00
173,49,CHN,China,15,Jiangsu,173,Yancheng,,,,Dìjíshì,Prefecture City,<U+76D0><U+57CE><U+5E02>,Yánchéng,"Annual, ending ""Dec"" of each year",RMB mn,SR1927535,79 407.25,104 434.19,125 488.16,162 189.53,243 911.00,294 009.30,395 260.91,480 292.00,564 377.00,656 050.00,695 132.00
174,49,CHN,China,15,Jiangsu,174,Yangzhou,,,,Dìjíshì,Prefecture City,<U+626C><U+5DDE><U+5E02>,Yángzhou,"Annual, ending ""Dec"" of each year",RMB mn,SR1927319,137 814.74,184 442.01,251 503.54,309 038.88,393 834.00,436 007.00,555 435.41,645 458.00,723 802.00,825 362.00,918 084.00
175,49,CHN,China,15,Jiangsu,175,Zhenjiang,,,,Dìjíshì,Prefecture City,<U+9547><U+6C5F><U+5E02>,Zhènjiang,"Annual, ending ""Dec"" of each year",RMB mn,SR1927343,189 188.03,259 091.42,351 756.02,445 967.74,575 334.21,677 279.00,719 847.81,849 939.00,884 099.00,919 419.00,966 165.00
176,49,CHN,China,16,Jiangxi,176,Fuzhou,,,,Dìjíshì,Prefecture City,<U+629A><U+5DDE><U+5E02>,Fuzhou,"Annual, ending ""Dec"" of each year",RMB mn,SR1927143,32 376.68,49 993.36,66 828.21,86 182.00,123 998.26,167 099.34,202 296.66,252 956.48,318 029.99,363 489.68,
177,49,CHN,China,16,Jiangxi,177,Ganzhou,,,,Dìjíshì,Prefecture City,<U+8D63><U+5DDE><U+5E02>,Gànzhou,"Annual, ending ""Dec"" of each year",RMB mn,SR1928756,48 490.76,71 993.96,90 651.79,79 959.91,118 020.16,155 299.43,166 663.47,189 482.68,207 392.30,209 175.43,
178,49,CHN,China,16,Jiangxi,178,Ji'an,,,,Dìjíshì,Prefecture City,<U+5409><U+5B89><U+5E02>,Jí'an,,,,,,,,,,,,,,
179,49,CHN,China,16,Jiangxi,179,Jingdezhen,,,,Dìjíshì,Prefecture City,<U+666F><U+5FB7><U+9547><U+5E02>,Jingdézhèn,"Annual, ending ""Dec"" of each year",RMB mn,SR1928528,95 496.90,127 129.18,178 300.23,210 424.13,277 320.21,330 439.13,346 032.09,446 749.87,507 495.58,548 520.03,
180,49,CHN,China,16,Jiangxi,180,Jiujiang,,,,Dìjíshì,Prefecture City,<U+4E5D><U+6C5F><U+5E02>,Jiujiang,"Annual, ending ""Dec"" of each year",RMB mn,SR1927988,26 127.28,38 866.03,58 573.55,71 595.56,119 793.70,116 784.10,133 126.89,149 998.86,164 221.10,167 738.08,
181,49,CHN,China,16,Jiangxi,181,Nanchang,,,,Dìjíshì,Prefecture City,<U+5357><U+660C><U+5E02>,Nánchang,"Annual, ending ""Dec"" of each year",RMB mn,SR1927578,26 389.52,37 780.47,51 086.79,61 732.89,91 745.39,140 744.17,182 911.20,232 312.00,272 198.91,297 609.88,
182,49,CHN,China,16,Jiangxi,182,Pingxiang,,,,Dìjíshì,Prefecture City,<U+840D><U+4E61><U+5E02>,Píngxiang,"Annual, ending ""Dec"" of each year",RMB mn,SR1927933,20 290.77,27 065.04,39 391.47,49 380.79,68 716.90,83 935.31,96 846.49,108 634.15,108 353.05,109 761.66,
183,49,CHN,China,16,Jiangxi,183,Shangrao,,,,Dìjíshì,Prefecture City,<U+4E0A><U+9976><U+5E02>,Shàngráo,"Annual, ending ""Dec"" of each year",RMB mn,SR1927428,18 182.44,31 215.36,40 639.11,52 721.80,73 474.15,81 650.02,102 833.91,125 088.93,146 410.30,157 056.85,
184,49,CHN,China,16,Jiangxi,184,Xinyu,,,,Dìjíshì,Prefecture City,<U+65B0><U+4F59><U+5E02>,Xinyú,"Annual, ending ""Dec"" of each year",RMB mn,SR1927677,48 921.00,65 240.58,85 507.80,105 384.20,149 774.63,214 147.25,277 885.63,351 569.06,456 015.72,487 511.42,
185,49,CHN,China,16,Jiangxi,185,Yichun,,,,Dìjíshì,Prefecture City,<U+5B9C><U+6625><U+5E02>,Yíchun,"Annual, ending ""Dec"" of each year",RMB mn,SR1926969,20 780.37,36 669.53,57 564.69,74 681.73,113 493.23,155 701.62,182 345.53,218 941.41,277 474.05,301 435.00,
186,49,CHN,China,16,Jiangxi,186,Yingtan,,,,Dìjíshì,Prefecture City,<U+9E70><U+6F6D><U+5E02>,Yingtán,"Annual, ending ""Dec"" of each year",RMB mn,SR1928772,32 651.71,51 209.05,74 604.99,80 106.41,119 877.70,154 026.52,137 913.93,142 321.88,159 632.00,149 409.00,
187,49,CHN,China,17,Jilin,187,Baicheng,,,,Dìjíshì,Prefecture City,<U+767D><U+57CE><U+5E02>,Báichéng,"Annual, ending ""Dec"" of each year",RMB mn,SR1926955,41 903.36,54 559.88,81 961.95,94 554.86,121 948.08,161 933.06,195 855.74,197 593.88,209 332.06,208 233.79,
188,49,CHN,China,17,Jilin,188,Baishan,,,,Dìjíshì,Prefecture City,<U+767D><U+5C71><U+5E02>,Báishan,"Annual, ending ""Dec"" of each year",RMB mn,SR1927847,31 232.57,42 304.27,60 754.96,65 671.47,86 998.42,120 326.68,136 205.54,165 261.32,191 562.26,214 508.59,
189,49,CHN,China,17,Jilin,189,Changchun,,,,Dìjíshì,Prefecture City,<U+957F><U+6625><U+5E02>,Chángchun,"Annual, ending ""Dec"" of each year",RMB mn,SR1927099,60 880.28,68 130.91,72 135.45,68 242.05,86 362.15,97 455.00,101 503.05,99 680.00,103 552.59,79 219.97,
190,49,CHN,China,17,Jilin,190,Jilin,,,,Dìjíshì,Prefecture City,<U+5409><U+6797><U+5E02>,Jílín,"Annual, ending ""Dec"" of each year",RMB mn,SR1928172,214 094.95,292 088.62,365 327.07,449 289.53,588 416.13,704 797.15,829 416.96,922 804.27,975 663.86,859 639.07,
191,49,CHN,China,17,Jilin,191,Liaoyuan,,,,Dìjíshì,Prefecture City,<U+8FBD><U+6E90><U+5E02>,Liáoyuán,"Annual, ending ""Dec"" of each year",RMB mn,SR1928085,24 106.78,37 666.66,53 153.31,75 486.08,103 647.34,141 125.85,171 079.60,194 421.99,204 322.80,220 545.88,
192,49,CHN,China,17,Jilin,192,Siping,,,,Dìjíshì,Prefecture City,<U+56DB><U+5E73><U+5E02>,Sìpíng,"Annual, ending ""Dec"" of each year",RMB mn,SR1928814,90 239.37,122 286.81,161 121.13,169 752.00,210 415.51,269 541.00,303 286.42,314 013.89,316 025.51,310 099.23,
193,49,CHN,China,17,Jilin,193,Songyuan,,,,Dìjíshì,Prefecture City,<U+677E><U+539F><U+5E02>,Songyuán,"Annual, ending ""Dec"" of each year",RMB mn,SR1928569,17 038.23,24 232.93,35 408.35,48 633.67,67 408.20,95 874.34,116 808.46,121 890.04,131 987.27,140 736.46,
194,49,CHN,China,17,Jilin,194,Tonghua,,,,Dìjíshì,Prefecture City,<U+901A><U+5316><U+5E02>,Tonghuà,"Annual, ending ""Dec"" of each year",RMB mn,SR1927877,16 226.02,23 280.83,31 439.89,42 308.68,58 564.89,85 975.11,102 294.83,118 138.25,132 476.07,145 263.33,
195,49,CHN,China,17,Jilin,195,Yanbian Korean,,,,Zìzhìzhou,Autonomous Prefecture,<U+5EF6><U+8FB9><U+671D><U+9C9C><U+65CF><U+81EA><U+6CBB><U+5DDE>,Yánbian Cháoxianzú,,,,,,,,,,,,,,
196,49,CHN,China,18,Liaoning,196,Anshan,,,,Dìjíshì,Prefecture City,<U+978D><U+5C71><U+5E02>,Anshan,"Annual, ending ""Dec"" of each year",RMB mn,SR1927501,343 746.22,417 617.70,508 206.72,633 019.08,770 183.55,826 474.80,1035 081.93,1152 157.00,1065 199.03,699 840.59,
197,49,CHN,China,18,Liaoning,197,Benxi,,,,Dìjíshì,Prefecture City,<U+672C><U+6EAA><U+5E02>,Benxi,"Annual, ending ""Dec"" of each year",RMB mn,SR1927552,83 582.00,97 921.61,115 513.07,120 335.41,165 532.66,210 109.22,243 212.57,271 377.58,279 483.64,86 023.42,
198,49,CHN,China,18,Liaoning,198,Chaoyang,,,,Dìjíshì,Prefecture City,<U+671D><U+9633><U+5E02>,Cháoyáng,"Annual, ending ""Dec"" of each year",RMB mn,SR1927243,35 481.66,54 937.48,91 368.51,143 528.92,235 512.98,281 826.68,345 725.16,276 454.68,91 437.13,45 358.31,
199,49,CHN,China,18,Liaoning,199,Dalian,,,,Dìjíshì,Prefecture City,<U+5927><U+8FDE><U+5E02>,Dàlián,"Annual, ending ""Dec"" of each year",RMB mn,SR1928546,329 089.66,478 602.10,642 431.03,763 709.98,961 252.55,1088 064.41,1270 232.72,1373 517.80,1375 914.51,923 933.77,
200,49,CHN,China,18,Liaoning,200,Dandong,,,,Dìjíshì,Prefecture City,<U+4E39><U+4E1C><U+5E02>,Dandong,"Annual, ending ""Dec"" of each year",RMB mn,SR1926777,57 358.28,67 279.40,91 616.14,110 009.94,151 135.34,193 080.67,220 286.81,241 211.30,243 069.59,179 586.02,
201,49,CHN,China,18,Liaoning,201,Fushun,,,,Dìjíshì,Prefecture City,<U+629A><U+987A><U+5E02>,Fushùn,"Annual, ending ""Dec"" of each year",RMB mn,SR1928853,106 191.07,132 526.81,180 459.61,204 930.72,243 927.52,265 982.60,298 594.00,335 359.00,359 967.21,239 148.76,
202,49,CHN,China,18,Liaoning,202,Fuxin,,,,Dìjíshì,Prefecture City,<U+961C><U+65B0><U+5E02>,Fùxin,"Annual, ending ""Dec"" of each year",RMB mn,SR1928695,73 018.70,98 688.44,123 520.81,168 405.52,223 327.15,241 770.32,264 649.26,294 459.81,278 263.43,222 314.66,
203,49,CHN,China,18,Liaoning,203,Huludao,,,,Dìjíshì,Prefecture City,<U+846B><U+82A6><U+5C9B><U+5E02>,Húludao,"Annual, ending ""Dec"" of each year",RMB mn,SR1927279,26 979.87,40 671.09,61 517.47,73 611.80,94 661.98,116 311.26,125 488.64,142 570.00,126 139.90,57 531.35,
204,49,CHN,China,18,Liaoning,204,Jinzhou,,,,Dìjíshì,Prefecture City,<U+9526><U+5DDE><U+5E02>,Jinzhou,"Annual, ending ""Dec"" of each year",RMB mn,SR1928045,31 234.67,41 293.54,56 273.84,70 809.24,86 508.65,103 793.10,128 783.04,136 142.50,131 491.34,42 849.43,
205,49,CHN,China,18,Liaoning,205,Liaoyang,,,,Dìjíshì,Prefecture City,<U+8FBD><U+9633><U+5E02>,Liáoyáng,"Annual, ending ""Dec"" of each year",RMB mn,SR1928485,15 302.92,19 383.23,24 174.25,31 375.25,44 777.08,62 149.70,77 352.23,89 693.23,87 456.00,49 368.27,
206,49,CHN,China,18,Liaoning,206,Panjin,,,,Dìjíshì,Prefecture City,<U+76D8><U+9526><U+5E02>,Pánjin,"Annual, ending ""Dec"" of each year",RMB mn,SR1928789,68 614.14,89 176.93,119 746.69,118 231.13,161 252.36,192 172.90,210 954.44,209 674.70,189 320.02,139 936.96,
207,49,CHN,China,18,Liaoning,207,Shenyang,,,,Dìjíshì,Prefecture City,<U+6C88><U+9633><U+5E02>,Shenyáng,"Annual, ending ""Dec"" of each year",RMB mn,SR1927975,23 146.82,32 501.11,46 478.78,57 930.11,67 742.28,78 682.53,95 177.22,108 067.18,101 124.68,99 827.52,
208,49,CHN,China,18,Liaoning,208,Tieling,,,,Dìjíshì,Prefecture City,<U+94C1><U+5CAD><U+5E02>,Tieling,"Annual, ending ""Dec"" of each year",RMB mn,SR1928413,77 234.12,89 074.37,115 286.06,125 623.85,167 635.66,215 594.85,247 161.40,282 604.20,292 037.28,260 228.92,
209,49,CHN,China,19,Nei Mongol,209,Alxa,,,,Méng,League,<U+963F><U+62C9><U+5584><U+76DF>,Alashàn,,,,,,,,,,,,,,
210,49,CHN,China,19,Nei Mongol,210,Baotou,,,,Dìjíshì,Prefecture City,<U+5305><U+5934><U+5E02>,Baotóu,"Annual, ending ""Dec"" of each year",RMB mn,SR1927272,64 317.16,82 277.78,92 764.25,115 348.65,118 851.98,136 590.98,130 487.47,150 359.95,164 263.71,166 757.93,
211,49,CHN,China,19,Nei Mongol,211,Baynnur,,,,Dìjíshì,Prefecture City,<U+5DF4><U+5F66><U+6DD6><U+5C14><U+5E02>,Bayànnào'er,,,,,,,,,,,,,,
212,49,CHN,China,19,Nei Mongol,212,Chifeng,,,,Dìjíshì,Prefecture City,<U+8D64><U+5CF0><U+5E02>,Chìfeng,"Annual, ending ""Dec"" of each year",RMB mn,SR1928676,16 696.70,22 629.44,28 398.00,40 289.00,54 531.50,73 990.02,67 070.55,71 700.64,73 981.07,92 739.14,
213,49,CHN,China,19,Nei Mongol,213,Hohhot,,,,Dìjíshì,Prefecture City,<U+547C><U+548C><U+6D69><U+7279><U+5E02>,Huhéhàotè,"Annual, ending ""Dec"" of each year",RMB mn,SR1928019,53 414.79,71 185.42,102 720.98,84 787.28,78 701.57,181 655.17,191 361.22,200 447.15,168 153.86,132 852.19,
214,49,CHN,China,19,Nei Mongol,214,Hulunbuir,,,,Dìjíshì,Prefecture City,<U+547C><U+4F26><U+8D1D><U+5C14><U+5E02>,Hulúnbèi'er,,,,,,,,,,,,,,
215,49,CHN,China,19,Nei Mongol,215,Ordos,,,,Dìjíshì,Prefecture City,<U+9102><U+5C14><U+591A><U+65AF><U+5E02>,È'erduosi,,,,,,,,,,,,,,
216,49,CHN,China,19,Nei Mongol,216,Tongliao,,,,Dìjíshì,Prefecture City,<U+901A><U+8FBD><U+5E02>,Tongliáo,"Annual, ending ""Dec"" of each year",RMB mn,SR1928865,32 373.73,56 586.41,79 167.00,96 927.35,126 584.07,157 732.67,186 838.48,207 431.85,205 694.13,207 563.96,
217,49,CHN,China,19,Nei Mongol,217,Ulaan Chab,,,,Dìjíshì,Prefecture City,<U+4E4C><U+5170><U+5BDF><U+5E03><U+5E02>,Wulánchábù,,,,,,,,,,,,,,
218,49,CHN,China,19,Nei Mongol,218,Wuhai,,,,Dìjíshì,Prefecture City,<U+4E4C><U+6D77><U+5E02>,Wuhai,"Annual, ending ""Dec"" of each year",RMB mn,SR1927289,111 866.76,128 640.88,193 255.39,222 222.78,241 224.22,299 901.31,323 598.84,325 285.95,332 051.86,318 120.78,
219,49,CHN,China,19,Nei Mongol,219,Xilin Gol,,,,Méng,League,<U+9521><U+6797><U+90ED><U+52D2><U+76DF>,Xilínguolè,,,,,,,,,,,,,,
220,49,CHN,China,19,Nei Mongol,220,Xing'an,,,,Méng,League,<U+5174><U+5B89><U+76DF>,Xing'an,,,,,,,,,,,,,,
221,49,CHN,China,20,Ningxia Hui,221,Guyuan,,,,Dìjíshì,Prefecture City,<U+56FA><U+539F><U+5E02>,Gùyuán,"Annual, ending ""Dec"" of each year",RMB mn,SR1927116,18 461.33,20 726.77,23 989.32,23 693.66,30 157.98,40 605.00,44 893.24,51 929.39,58 868.95,58 009.98,
222,49,CHN,China,20,Ningxia Hui,222,Shizuishan,,,,Dìjíshì,Prefecture City,<U+77F3><U+5634><U+5C71><U+5E02>,Shízuishan,"Annual, ending ""Dec"" of each year",RMB mn,SR1928708,40 170.86,49 222.82,59 994.63,68 852.76,81 750.24,100 314.64,137 719.16,165 871.76,182 034.51,186 232.19,
223,49,CHN,China,20,Ningxia Hui,223,Wuzhong,,,,Dìjíshì,Prefecture City,<U+5434><U+5FE0><U+5E02>,Wúzhong,"Annual, ending ""Dec"" of each year",RMB mn,SR1928229,21 122.35,28 797.44,40 512.30,39 506.13,42 378.82,50 152.16,52 886.20,54 691.63,80 352.78,80 918.65,
224,49,CHN,China,20,Ningxia Hui,224,Yinchuan,,,,Dìjíshì,Prefecture City,<U+94F6><U+5DDD><U+5E02>,Yínchuan,"Annual, ending ""Dec"" of each year",RMB mn,SR1926859,31 923.88,41 693.51,54 669.31,54 561.62,75 122.07,104 297.90,117 166.72,134 879.10,152 951.75,150 682.33,175 088.44
225,49,CHN,China,20,Ningxia Hui,225,Zhongwei,,,,Dìjíshì,Prefecture City,<U+4E2D><U+536B><U+5E02>,Zhongwèi,"Annual, ending ""Dec"" of each year",RMB mn,SR1927755,1 815.19,622.36,835.55,1 141.77,1 548.99,2 036.50,2 723.72,2 863.43,4 917.16,5 259.06,
226,49,CHN,China,21,Qinghai,226,Golog Tibetan,,,,Zìzhìzhou,Autonomous Prefecture,<U+679C><U+6D1B><U+85CF><U+65CF><U+81EA><U+6CBB><U+5DDE>,Guoluò Zàngzú,,,,,,,,,,,,,,
227,49,CHN,China,21,Qinghai,227,Gyêgu Tibetan,,,,Zìzhìzhou,Autonomous Prefecture,<U+7389><U+6811><U+85CF><U+65CF><U+81EA><U+6CBB><U+5DDE>,Yùshù Zàngzú,,,,,,,,,,,,,,
228,49,CHN,China,21,Qinghai,228,Haibei Tibetan,,,,Zìzhìzhou,Autonomous Prefecture,<U+6D77><U+5317><U+85CF><U+65CF><U+81EA><U+6CBB><U+5DDE>,Haibei Zàngzú,,,,,,,,,,,,,,
229,49,CHN,China,21,Qinghai,229,Haidong,,,,Dìqu,Prefecture,<U+6D77><U+4E1C><U+5730><U+533A>,Haidong,,,,,,,,,,,,,,
230,49,CHN,China,21,Qinghai,230,Hainan Tibetan,,,,Zìzhìzhou,Autonomous Prefecture,<U+6D77><U+5357><U+85CF><U+65CF><U+81EA><U+6CBB><U+5DDE>,Hainán Zàngzú,,,,,,,,,,,,,,
231,49,CHN,China,21,Qinghai,231,Haixi Mongol and Tibetan,,,,Zìzhìzhou,Autonomous Prefecture,<U+6D77><U+897F><U+8499><U+53E4><U+65CF><U+85CF><U+65CF><U+81EA><U+6CBB><U+5DDE>,Haixi Mengguzú Zàngzú,,,,,,,,,,,,,,
232,49,CHN,China,21,Qinghai,232,Huangnan Tibetan,,,,Zìzhìzhou,Autonomous Prefecture,<U+9EC4><U+5357><U+85CF><U+65CF><U+81EA><U+6CBB><U+5DDE>,Huángnán Zàngzú,,,,,,,,,,,,,,
233,49,CHN,China,21,Qinghai,233,Xining,,,,Dìjíshì,Prefecture City,<U+897F><U+5B81><U+5E02>,Xiníng,"Annual, ending ""Dec"" of each year",RMB mn,SR1928062,6 781.53,8 692.22,5 824.01,5 024.00,7 449.00,7 408.29,9 882.40,12 164.00,14 163.06,16 283.48,
234,49,CHN,China,22,Shaanxi,234,Ankang,,,,Dìjíshì,Prefecture City,<U+5B89><U+5EB7><U+5E02>,Ankang,"Annual, ending ""Dec"" of each year",RMB mn,SR1927571,52 819.92,77 386.80,126 986.37,139 255.50,191 769.80,261 352.94,313 098.27,312 081.73,339 848.00,244 820.00,
235,49,CHN,China,22,Shaanxi,235,Baoji,,,,Dìjíshì,Prefecture City,<U+5B9D><U+9E21><U+5E02>,Baoji,"Annual, ending ""Dec"" of each year",RMB mn,SR1928813,9 953.02,12 433.89,16 683.72,19 501.64,24 905.01,33 575.63,46 180.21,54 966.41,55 891.29,56 523.45,
236,49,CHN,China,22,Shaanxi,236,Hanzhong,,,,Dìjíshì,Prefecture City,<U+6C49><U+4E2D><U+5E02>,Hànzhong,"Annual, ending ""Dec"" of each year",RMB mn,SR1928224,76 406.97,90 519.65,105 350.85,96 950.23,122 731.22,150 485.98,164 675.96,161 232.26,153 347.74,134 591.90,
237,49,CHN,China,22,Shaanxi,237,Shangluo,,,,Dìjíshì,Prefecture City,<U+5546><U+6D1B><U+5E02>,Shangluò,"Annual, ending ""Dec"" of each year",RMB mn,SR1928880,5 628.36,8 156.49,9 747.65,13 247.45,19 215.49,30 922.23,48 219.72,63 481.60,74 509.38,90 771.46,
238,49,CHN,China,22,Shaanxi,238,Tongchuan,,,,Dìjíshì,Prefecture City,<U+94DC><U+5DDD><U+5E02>,Tóngchuan,"Annual, ending ""Dec"" of each year",RMB mn,SR1927405,119 460.41,162 385.32,203 075.58,249 050.22,313 015.07,355 221.25,406 630.59,449 761.89,496 112.18,492 457.21,
239,49,CHN,China,22,Shaanxi,239,Weinan,,,,Dìjíshì,Prefecture City,<U+6E2D><U+5357><U+5E02>,Wèinán,"Annual, ending ""Dec"" of each year",RMB mn,SR1928231,45 851.60,56 560.65,86 024.45,103 883.04,140 192.46,185 453.96,229 351.88,263 299.64,300 205.33,323 766.87,
240,49,CHN,China,22,Shaanxi,240,Xi'an,,,,Dìjíshì,Prefecture City,<U+897F><U+5B89><U+5E02>,Xi'an,,,,,,,,,,,,,,
241,49,CHN,China,22,Shaanxi,241,Xianyang,,,,Dìjíshì,Prefecture City,<U+54B8><U+9633><U+5E02>,Xiányáng,"Annual, ending ""Dec"" of each year",RMB mn,SR1928215,53 666.91,67 220.00,89 577.07,99 599.08,134 045.31,170 179.67,198 669.21,225 852.08,227 497.00,259 942.85,
242,49,CHN,China,22,Shaanxi,242,Yan'an,,,,Dìjíshì,Prefecture City,<U+5EF6><U+5B89><U+5E02>,Yán'an,,,,,,,,,,,,,,
243,49,CHN,China,22,Shaanxi,243,Yulin,,,,Dìjíshì,Prefecture City,<U+6986><U+6797><U+5E02>,Yúlín,"Annual, ending ""Dec"" of each year",RMB mn,SR1926853,20 437.07,24 110.85,26 060.29,31 079.22,40 441.27,54 542.28,71 808.84,85 610.27,100 383.22,106 385.87,
244,49,CHN,China,23,Shandong,244,Binzhou,,,,Dìqu,Prefecture,<U+6EE8><U+5DDE>,Binzhou,"Annual, ending ""Dec"" of each year",RMB mn,SR1928098,143 230.26,210 433.49,262 151.53,317 682.38,402 686.09,532 377.76,665 053.52,750 257.63,866 363.09,892 970.58,
245,49,CHN,China,23,Shandong,245,Dezhou,,,,Dìjíshì,Prefecture City,<U+5FB7><U+5DDE><U+5E02>,Dézhou,"Annual, ending ""Dec"" of each year",RMB mn,SR1927231,18 742.58,246 514.76,318 569.55,374 855.66,459 352.51,556 936.94,721 404.77,863 040.77,1003 591.90,1013 943.29,
246,49,CHN,China,23,Shandong,246,Dongying,,,,Dìjíshì,Prefecture City,<U+4E1C><U+8425><U+5E02>,Dongyíng,"Annual, ending ""Dec"" of each year",RMB mn,SR1926902,113 467.79,173 016.54,220 375.10,253 864.00,282 287.80,328 712.00,307 540.42,338 412.24,344 039.08,343 106.02,
247,49,CHN,China,23,Shandong,247,Heze,,,,Dìjíshì,Prefecture City,<U+83CF><U+6CFD><U+5E02>,Hézé,"Annual, ending ""Dec"" of each year",RMB mn,SR1927739,166 891.59,224 167.30,278 022.13,312 419.32,368 389.64,470 095.65,572 342.77,651 273.20,718 651.70,718 856.27,
248,49,CHN,China,23,Shandong,248,Jinan,,,,Dìjíshì,Prefecture City,<U+6D4E><U+5357><U+5E02>,Jinán,"Annual, ending ""Dec"" of each year",RMB mn,SR1928605,26 402.20,43 953.58,60 844.22,79 991.86,117 591.09,145 519.61,182 920.19,220 649.39,261 174.47,285 549.78,
249,49,CHN,China,23,Shandong,249,Jining,,,,Dìjíshì,Prefecture City,<U+6D4E><U+5B81><U+5E02>,Jiníng,"Annual, ending ""Dec"" of each year",RMB mn,SR1928743,340 469.82,433 222.91,531 750.73,607 920.58,752 922.26,913 069.89,1042 825.22,1160 980.22,1251 704.24,1275 759.40,
250,49,CHN,China,23,Shandong,250,Laiwu,,,,Dìjíshì,Prefecture City,<U+83B1><U+829C><U+5E02>,Láiwú,"Annual, ending ""Dec"" of each year",RMB mn,SR1927049,71 633.11,98 110.96,151 980.00,186 622.04,217 215.01,217 634.09,227 829.58,268 628.60,258 019.89,253 988.00,
251,49,CHN,China,23,Shandong,251,Liaocheng,,,,Dìjíshì,Prefecture City,<U+804A><U+57CE><U+5E02>,Liáochéng,"Annual, ending ""Dec"" of each year",RMB mn,SR1928722,154 855.88,217 321.23,265 318.68,321 609.70,385 576.05,518 671.29,636 122.01,771 792.18,879 158.41,978 959.33,
252,49,CHN,China,23,Shandong,252,Linyi,,,,Dìjíshì,Prefecture City,<U+4E34><U+6C82><U+5E02>,Línyí,"Annual, ending ""Dec"" of each year",RMB mn,SR1927160,64 684.59,86 082.11,108 256.43,102 282.87,120 258.25,136 832.23,125 412.03,159 476.00,168 357.67,170 884.70,
253,49,CHN,China,23,Shandong,253,Qingdao,,,,Dìjíshì,Prefecture City,<U+9752><U+5C9B><U+5E02>,Qingdao,"Annual, ending ""Dec"" of each year",RMB mn,SR1928808,261 924.94,325 375.88,391 109.16,395 076.62,448 560.80,402 848.72,447 840.67,465 769.37,524 985.29,534 075.32,
254,49,CHN,China,23,Shandong,254,Rizhao,,,,Dìjíshì,Prefecture City,<U+65E5><U+7167><U+5E02>,Rìzhào,"Annual, ending ""Dec"" of each year",RMB mn,SR1927134,316 620.34,371 126.27,448 503.84,488 482.73,440 896.46,470 521.26,562 686.96,600 309.71,650 249.32,693 256.17,
255,49,CHN,China,23,Shandong,255,Tai'an,,,,Dìjíshì,Prefecture City,<U+6CF0><U+5B89><U+5E02>,Tài'an,,,,,,,,,,,,,,
256,49,CHN,China,23,Shandong,256,Weifang,,,,Dìjíshì,Prefecture City,<U+6F4D><U+574A><U+5E02>,Wéifang,"Annual, ending ""Dec"" of each year",RMB mn,SR1927639,519 602.56,647 690.04,798 823.35,907 729.88,1012 997.77,1116 395.74,1233 153.91,1389 144.39,1461 792.33,1529 755.67,
257,49,CHN,China,23,Shandong,257,Weihai,,,,Dìjíshì,Prefecture City,<U+5A01><U+6D77><U+5E02>,Weihai,"Annual, ending ""Dec"" of each year",RMB mn,SR1928027,149 447.78,207 593.49,272 971.25,312 116.14,377 007.20,456 878.17,547 469.03,618 834.80,647 627.43,619 991.53,
258,49,CHN,China,23,Shandong,258,Yantai,,,,Dìjíshì,Prefecture City,<U+70DF><U+53F0><U+5E02>,Yantái,"Annual, ending ""Dec"" of each year",RMB mn,SR1928060,246 466.93,318 320.32,427 811.62,432 283.50,603 786.01,820 644.99,1026 748.02,1199 717.90,1358 477.29,1318 905.14,
259,49,CHN,China,23,Shandong,259,Zaozhuang,,,,Dìjíshì,Prefecture City,<U+67A3><U+5E84><U+5E02>,Zaozhuang,"Annual, ending ""Dec"" of each year",RMB mn,SR1928899,356 251.50,444 250.35,531 990.87,605 195.65,774 234.40,924 479.20,1033 680.44,1137 670.00,1148 223.12,1113 558.29,
260,49,CHN,China,23,Shandong,260,Zibo,,,,Dìjíshì,Prefecture City,<U+6DC4><U+535A><U+5E02>,Zibó,"Annual, ending ""Dec"" of each year",RMB mn,SR1926864,518 468.20,664 563.64,811 501.41,937 861.55,1066 283.45,1216 596.29,1404 027.64,1552 329.55,1676 138.01,1681 182.99,
261,49,CHN,China,24,Shanghai,261,Shanghai,,,,Zhíxiáshì,Municipality,<U+4E0A><U+6D77>|<U+4E0A><U+6D77>,Shànghai,"Annual, ending ""Dec"" of each year",RMB mn,SR1928649,11 779.56,14 449.12,18 071.44,21 278.75,32 688.00,43 566.70,62 082.24,84 100.00,87 058.57,96 152.11,
262,49,CHN,China,25,Shanxi,262,Changzhi,,,,Dìjíshì,Prefecture City,<U+957F><U+6CBB><U+5E02>,Chángzhì,"Annual, ending ""Dec"" of each year",RMB mn,SR1926790,25 313.29,32 454.55,40 033.12,44 218.16,54 261.18,66 930.00,74 133.48,71 599.40,65 687.90,53 899.54,
263,49,CHN,China,25,Shanxi,263,Datong,,,,Dìjíshì,Prefecture City,<U+5927><U+540C><U+5E02>,Dàtóng,"Annual, ending ""Dec"" of each year",RMB mn,SR1927864,109 640.52,162 472.11,192 072.00,156 681.04,199 465.27,242 749.69,258 873.92,250 396.92,243 100.43,215 927.02,
264,49,CHN,China,25,Shanxi,264,Jincheng,,,,Dìjíshì,Prefecture City,<U+664B><U+57CE><U+5E02>,Jìnchéng,"Annual, ending ""Dec"" of each year",RMB mn,SR1928251,62 122.17,81 001.57,112 233.49,115 899.96,143 328.28,194 384.70,207 263.02,201 708.58,187 845.95,142 818.85,
265,49,CHN,China,25,Shanxi,265,Jinzhong,,,,Dìjíshì,Prefecture City,<U+664B><U+4E2D><U+5E02>,Jìnzhong,"Annual, ending ""Dec"" of each year",RMB mn,SR1928090,31 341.79,42 842.21,57 862.36,64 953.47,82 851.36,116 989.20,132 276.84,132 412.93,115 927.13,76 239.29,
266,49,CHN,China,25,Shanxi,266,Linfen,,,,Dìjíshì,Prefecture City,<U+4E34><U+6C7E><U+5E02>,Línfén,"Annual, ending ""Dec"" of each year",RMB mn,SR1927189,15 219.84,23 511.00,31 416.54,24 310.88,39 303.39,61 966.98,72 261.13,80 161.04,76 282.43,69 860.02,
267,49,CHN,China,25,Shanxi,267,Luliang,,,,Dìjíshì,Prefecture City,<U+5415><U+6881><U+5E02>,Lulíang,,,,,,,,,,,,,,
268,49,CHN,China,25,Shanxi,268,Shuozhou,,,,Dìjíshì,Prefecture City,<U+6714><U+5DDE><U+5E02>,Shuòzhou,"Annual, ending ""Dec"" of each year",RMB mn,SR1927468,32 107.26,40 548.84,60 314.76,71 334.53,85 112.44,108 577.10,111 763.21,101 787.86,92 520.56,87 300.82,
269,49,CHN,China,25,Shanxi,269,Taiyuan,,,,Dìjíshì,Prefecture City,<U+592A><U+539F><U+5E02>,Tàiyuán,"Annual, ending ""Dec"" of each year",RMB mn,SR1927637,45 964.34,50 752.78,64 312.15,70 012.67,98 057.82,125 579.74,136 778.02,163 702.00,173 963.48,178 755.42,
270,49,CHN,China,25,Shanxi,270,Xinzhou,,,,Dìjíshì,Prefecture City,<U+5FFB><U+5DDE><U+5E02>,Xinzhou,"Annual, ending ""Dec"" of each year",RMB mn,SR1928074,67 627.33,83 912.36,95 243.60,82 006.27,125 262.32,166 194.27,141 064.33,163 340.00,162 932.59,132 375.26,
271,49,CHN,China,25,Shanxi,271,Yangquan,,,,Dìjíshì,Prefecture City,<U+9633><U+6CC9><U+5E02>,Yángquán,"Annual, ending ""Dec"" of each year",RMB mn,SR1927363,41 023.37,52 434.88,60 343.15,53 597.00,73 759.05,97 426.57,107 555.13,105 191.23,108 107.74,105 422.57,
272,49,CHN,China,25,Shanxi,272,Yuncheng,,,,Dìjíshì,Prefecture City,<U+8FD0><U+57CE><U+53BF>,Yùnchéng,"Annual, ending ""Dec"" of each year",RMB mn,SR1927751,41 979.35,56 678.67,82 391.45,77 006.20,103 023.74,118 500.11,136 189.35,133 282.75,125 385.96,108 921.31,
273,49,CHN,China,26,Sichuan,273,Bazhong,,,,Dìjíshì,Prefecture City,<U+5DF4><U+4E2D><U+5E02>,Bazhong,"Annual, ending ""Dec"" of each year",RMB mn,SR1928438,8 716.14,12 426.09,17 409.29,22 881.40,31 693.26,43 224.19,38 727.19,39 993.00,44 844.00,49 900.00,
274,49,CHN,China,26,Sichuan,274,Chengdu,,,,Dìjíshì,Prefecture City,<U+6210><U+90FD><U+5E02>,Chéngdu,"Annual, ending ""Dec"" of each year",RMB mn,SR1927075,321 423.40,436 324.89,575 589.84,677 290.15,914 355.32,1184 705.81,1309 512.35,1578 540.80,1878 233.31,2140 001.19,2390 658.03
275,49,CHN,China,26,Sichuan,275,Dazhou,,,,Dìjíshì,Prefecture City,<U+8FBE><U+5DDE><U+5E02>,Dázhou,"Annual, ending ""Dec"" of each year",RMB mn,SR1927330,13 295.94,18 972.11,28 738.76,41 710.00,60 659.03,89 888.13,97 551.23,113 381.00,129 115.73,144 172.31,
276,49,CHN,China,26,Sichuan,276,Deyang,,,,Dìjíshì,Prefecture City,<U+5FB7><U+9633><U+5E02>,Déyáng,"Annual, ending ""Dec"" of each year",RMB mn,SR1927725,23 569.40,34 198.64,49 970.45,68 312.98,94 918.24,131 744.59,116 015.78,152 864.00,157 795.39,180 364.22,
277,49,CHN,China,26,Sichuan,277,Garzê Tibetan,,,,Zìzhìzhou,Autonomous Prefecture,<U+7518><U+5B5C><U+85CF><U+65CF><U+81EA><U+6CBB><U+5DDE>,Ganzi Zàngzú,,,,,,,,,,,,,,
278,49,CHN,China,26,Sichuan,278,Guang'an,,,,Dìjíshì,Prefecture City,<U+5E7F><U+5B89><U+5E02>,Guang'an,,,,,,,,,,,,,,
279,49,CHN,China,26,Sichuan,279,Guangyuan,,,,Dìjíshì,Prefecture City,<U+5E7F><U+5143><U+5E02>,Guangyuán,"Annual, ending ""Dec"" of each year",RMB mn,SR1928460,55 395.68,74 154.52,80 807.58,107 102.64,126 753.01,167 638.00,177 103.00,200 075.00,219 029.09,243 948.56,
280,49,CHN,China,26,Sichuan,280,Leshan,,,,Dìjíshì,Prefecture City,<U+4E50><U+5C71><U+5E02>,Lèshan,"Annual, ending ""Dec"" of each year",RMB mn,SR1928099,35 904.14,48 448.61,70 720.55,93 260.51,129 256.00,164 360.97,143 822.52,164 207.00,165 448.58,164 849.00,
281,49,CHN,China,26,Sichuan,281,Liangshan Yi,,,,Zìzhìzhou,Autonomous Prefecture,<U+51C9><U+5C71><U+5F5D><U+65CF><U+81EA><U+6CBB><U+5DDE>,Liángshan Yízú,,,,,,,,,,,,,,
282,49,CHN,China,26,Sichuan,282,Luzhou,,,,Dìjíshì,Prefecture City,<U+6CF8><U+5DDE><U+5E02>,Lúzhou,"Annual, ending ""Dec"" of each year",RMB mn,SR1928275,41 514.33,51 475.20,74 374.04,72 626.52,95 324.89,120 579.08,128 559.00,142 922.00,153 679.00,154 591.58,
283,49,CHN,China,26,Sichuan,283,Meishan,,,,Dìjíshì,Prefecture City,<U+7709><U+5C71><U+5E02>,Méishan,"Annual, ending ""Dec"" of each year",RMB mn,SR1927414,34 411.00,49 128.78,71 200.74,99 249.88,112 457.77,134 521.53,156 033.00,181 309.00,193 596.08,217 992.08,
284,49,CHN,China,26,Sichuan,284,Mianyang,,,,Dìjíshì,Prefecture City,<U+7EF5><U+9633><U+5E02>,Míanyáng,"Annual, ending ""Dec"" of each year",RMB mn,SR1926775,69 124.55,91 707.89,98 048.68,126 879.86,160 140.90,203 758.00,220 359.00,252 887.00,291 982.63,316 133.52,
285,49,CHN,China,26,Sichuan,285,Nanchong,,,,Dìjíshì,Prefecture City,<U+5357><U+5145><U+5E02>,Nánchong,"Annual, ending ""Dec"" of each year",RMB mn,SR1928096,42 109.99,57 570.71,79 491.64,99 034.22,129 883.66,150 764.00,138 779.00,158 426.00,168 376.45,156 597.54,
286,49,CHN,China,26,Sichuan,286,Neijiang]],,,,Dìjíshì,Prefecture City,<U+5185><U+6C5F><U+5E02>,Nèijiang,,,,,,,,,,,,,,
287,49,CHN,China,26,Sichuan,287,Neijiang,,,,Dìjíshì,Prefecture City,<U+5185><U+6C5F><U+5E02>,Nèijiang,"Annual, ending ""Dec"" of each year",RMB mn,SR1927493,17 350.04,25 880.56,38 368.41,48 876.68,70 946.97,100 255.00,96 878.00,113 102.00,129 766.23,117 844.52,
288,49,CHN,China,26,Sichuan,288,Ngawa Tibetan and Qiang,,,,Zìzhìzhou,Autonomous Prefecture,<U+963F><U+575D><U+85CF><U+65CF><U+7F8C><U+65CF><U+81EA><U+6CBB><U+5DDE>,Abà Zàngzú|Qiangzú,,,,,,,,,,,,,,
289,49,CHN,China,26,Sichuan,289,Panzhihua,,,,Dìjíshì,Prefecture City,<U+6500><U+679D><U+82B1><U+5E02>,Panzhihua,"Annual, ending ""Dec"" of each year",RMB mn,SR1926836,36 158.66,49 285.99,65 256.11,80 941.26,110 816.74,133 092.00,134 214.00,152 027.00,161 807.30,170 353.92,
290,49,CHN,China,26,Sichuan,290,Suining,,,,Dìjíshì,Prefecture City,<U+9042><U+5B81><U+5E02>,Sùiníng,"Annual, ending ""Dec"" of each year",RMB mn,SR1926677,9 549.07,13 597.89,15 568.75,20 767.92,32 023.35,46 210.62,56 931.13,62 497.00,68 754.86,74 321.72,
291,49,CHN,China,26,Sichuan,291,Ya'an,,,,Dìjíshì,Prefecture City,<U+96C5><U+5B89><U+5E02>,Ya'an,,,,,,,,,,,,,,
292,49,CHN,China,26,Sichuan,292,Yibin,,,,Dìjíshì,Prefecture City,<U+5B9C><U+5BBE><U+5E02>,Yíbin,"Annual, ending ""Dec"" of each year",RMB mn,SR1927269,24 260.77,33 535.43,44 349.56,52 198.25,75 554.75,105 367.92,82 537.00,102 373.00,122 599.95,137 154.33,
293,49,CHN,China,26,Sichuan,293,Zigong,,,,Dìjíshì,Prefecture City,<U+81EA><U+8D21><U+5E02>,Zìgòng,"Annual, ending ""Dec"" of each year",RMB mn,SR1928706,211 142.92,307 196.91,409 208.48,486 434.30,580 973.49,756 826.47,905 782.00,1042 632.00,1038 062.94,1123 593.09,
294,49,CHN,China,26,Sichuan,294,Ziyang,,,,Dìjíshì,Prefecture City,<U+8D44><U+9633><U+5E02>,Ziyáng,"Annual, ending ""Dec"" of each year",RMB mn,SR1927385,3 590.42,4 800.86,7 944.16,12 051.92,17 559.63,30 551.00,31 001.00,37 467.00,46 884.25,54 657.01,
295,49,CHN,China,27,Tianjin,295,Tianjin,,,,Zhíxiáshì,Municipality,<U+5929><U+6D25>|<U+5929><U+6D25>,Tianjin,"Annual, ending ""Dec"" of each year",RMB mn,SR1928426,820 999.68,964 838.00,1041 309.00,1103 912.91,1369 983.88,1451 362.81,1559 621.23,1737 088.00,1845 289.84,1744 962.69,
296,49,CHN,China,28,Xinjiang Uygur,296,Aksu,,,,Dìqu,Prefecture,<U+963F><U+514B><U+82CF><U+5730><U+533A>,Akèsu,,,,,,,,,,,,,,
297,49,CHN,China,28,Xinjiang Uygur,297,Altay,,,,Dìqu,Prefecture,<U+963F><U+52D2><U+6CF0><U+5730><U+533A>,Alètài,,,,,,,,,,,,,,
298,49,CHN,China,28,Xinjiang Uygur,298,Ürümqi,,,,Dìjíshì,Prefecture City,<U+4E4C><U+9C81><U+6728><U+9F50><U+5E02>,Wulumùqí,,,,,,,,,,,,,,
299,49,CHN,China,28,Xinjiang Uygur,299,Börtala Mongol,,,,Zìzhìzhou,Autonomous Prefecture,<U+535A><U+5C14><U+5854><U+62C9><U+8499><U+53E4><U+81EA><U+6CBB><U+5DDE>,Bó'ertala Menggu,,,,,,,,,,,,,,
300,49,CHN,China,28,Xinjiang Uygur,300,Bayin'gholin Mongol,,,,Zìzhìzhou,Autonomous Prefecture,<U+5DF4><U+97F3><U+90ED><U+6123><U+8499><U+53E4><U+81EA><U+6CBB><U+5DDE>,Bayinguolèng Menggu,,,,,,,,,,,,,,
301,49,CHN,China,28,Xinjiang Uygur,301,Changji Hui,,,,Zìzhìzhou,Autonomous Prefecture,<U+660C><U+5409><U+56DE><U+65CF><U+81EA><U+6CBB><U+5DDE>,Changjí Huízú,,,,,,,,,,,,,,
302,49,CHN,China,28,Xinjiang Uygur,302,Hami,,,,Dìqu,Prefecture,<U+54C8><U+5BC6><U+5730><U+533A>,Hamì,,,,,,,,,,,,,,
303,49,CHN,China,28,Xinjiang Uygur,303,Ili Kazakh,,,,Zìzhìzhou,Autonomous Prefecture,<U+4F0A><U+7281><U+54C8><U+8428><U+514B><U+81EA><U+6CBB><U+5DDE>,Yilí Hasàkè,,,,,,,,,,,,,,
304,49,CHN,China,28,Xinjiang Uygur,304,Karamay,,,,Dìjíshì,Prefecture City,<U+514B><U+62C9><U+739B><U+4F9D><U+5E02>,Kèlamayi,"Annual, ending ""Dec"" of each year",RMB mn,SR1926965,183 396.70,221 796.12,260 026.46,300 513.67,390 517.31,476 503.31,547 727.92,660 529.00,690 134.71,704 473.00,761 734.00
305,49,CHN,China,28,Xinjiang Uygur,305,Kashgar,,,,Dìqu,Prefecture,<U+5580><U+4EC0><U+5730><U+533A>,Kashí,,,,,,,,,,,,,,
306,49,CHN,China,28,Xinjiang Uygur,306,Khotan,,,,Dìqu,Prefecture,<U+548C><U+7530><U+5730><U+533A>,Hétián,,,,,,,,,,,,,,
307,49,CHN,China,28,Xinjiang Uygur,307,Kizilsu Kirghiz,,,,Zìzhìzhou,Autonomous Prefecture,<U+514B><U+5B5C><U+52D2><U+82CF><U+67EF><U+5C14><U+514B><U+5B5C><U+81EA><U+6CBB><U+5DDE>,Kèzilèsu Ke'erkèzi,,,,,,,,,,,,,,
308,49,CHN,China,28,Xinjiang Uygur,308,Shihezi,,,,Dìjíshì,Prefecture City,<U+77F3><U+6CB3><U+5B50><U+5E02>,Shíhézi,,,,,,,,,,,,,,
309,49,CHN,China,28,Xinjiang Uygur,309,Tacheng,,,,Dìqu,Prefecture,<U+5854><U+57CE><U+5730><U+533A>,Tachéng,,,,,,,,,,,,,,
310,49,CHN,China,28,Xinjiang Uygur,310,Turfan,,,,Dìqu,Prefecture,<U+5410><U+9C81><U+756A><U+5730><U+533A>,Tulufan,,,,,,,,,,,,,,
311,49,CHN,China,29,Xizang,311,Chamdo,,,,Dìqu,Prefecture,<U+660C><U+90FD><U+5730><U+533A>,Changdu,,,,,,,,,,,,,,
312,49,CHN,China,29,Xizang,312,Lhasa,,,,Dìjíshì,Prefecture City,<U+62C9><U+8428><U+5E02>,Lasà,"Annual, ending ""Dec"" of each year",RMB mn,SR1928009,4 027.74,5 402.74,6 267.81,6 425.00,8 989.00,12 127.52,16 136.43,21 209.00,24 350.20,26 193.04,
313,49,CHN,China,29,Xizang,313,Nagchu,,,,Dìqu,Prefecture,<U+90A3><U+66F2><U+5730><U+533A>,Nàqu,,,,,,,,,,,,,,
314,49,CHN,China,29,Xizang,314,Ngari,,,,Dìqu,Prefecture,<U+963F><U+91CC><U+5730><U+533A>,Ali,,,,,,,,,,,,,,
315,49,CHN,China,29,Xizang,315,Nyingtri,,,,Dìqu,Prefecture,<U+6797><U+829D><U+5730><U+533A>,Línzhi,,,,,,,,,,,,,,
316,49,CHN,China,29,Xizang,316,Shannan,,,,Dìqu,Prefecture,<U+5C71><U+5357><U+5730><U+533A>,Shannán,,,,,,,,,,,,,,
317,49,CHN,China,29,Xizang,317,Shigatse,,,,Dìqu,Prefecture,<U+65E5><U+5580><U+5219><U+5730><U+533A>,Rìkazé,,,,,,,,,,,,,,
318,49,CHN,China,30,Yunnan,318,Baoshan,,,,Dìjíshì,Prefecture City,<U+4FDD><U+5C71><U+5E02>,Baoshan,"Annual, ending ""Dec"" of each year",RMB mn,SR1926810,46 097.42,61 545.37,78 144.85,75 164.91,94 444.60,111 085.63,125 845.66,133 291.00,134 099.63,156 455.64,
319,49,CHN,China,30,Yunnan,319,Chuxiong Yi,,,,Zìzhìzhou,Autonomous Prefecture,<U+695A><U+96C4><U+5F5D><U+65CF><U+81EA><U+6CBB><U+5DDE>,Chuxióng Yízú,,,,,,,,,,,,,,
320,49,CHN,China,30,Yunnan,320,Dêqên Tibetan,,,,Zìzhìzhou,Autonomous Prefecture,<U+8FEA><U+5E86><U+85CF><U+65CF><U+81EA><U+6CBB><U+5DDE>,Díqìng Zàngzú,,,,,,,,,,,,,,
321,49,CHN,China,30,Yunnan,321,Dali Bai,,,,Zìzhìzhou,Autonomous Prefecture,<U+5927><U+7406><U+767D><U+65CF><U+81EA><U+6CBB><U+5DDE>,Dàli Báizú,,,,,,,,,,,,,,
322,49,CHN,China,30,Yunnan,322,Dehong Dai and Jingpo,,,,Zìzhìzhou,Autonomous Prefecture,<U+5FB7><U+5B8F><U+50A3><U+65CF><U+666F><U+9887><U+65CF><U+81EA><U+6CBB><U+5DDE>,Déhóng Daizú|Jingpozú,,,,,,,,,,,,,,
323,49,CHN,China,30,Yunnan,323,Honghe Hani and Yi,,,,Zìzhìzhou,Autonomous Prefecture,<U+7EA2><U+6CB3><U+54C8><U+5C3C><U+65CF><U+5F5D><U+65CF><U+81EA><U+6CBB><U+5DDE>,Hónghé Hanízú|Yízú,,,,,,,,,,,,,,
324,49,CHN,China,30,Yunnan,324,Kunming,,,,Dìjíshì,Prefecture City,<U+6606><U+660E><U+5E02>,Kunmíng,"Annual, ending ""Dec"" of each year",RMB mn,SR1927332,10 231.68,12 880.89,10 713.47,16 946.76,20 400.81,25 932.59,32 743.21,42 042.92,47 132.00,54 823.77,
325,49,CHN,China,30,Yunnan,325,Lijiang,,,,Dìjíshì,Prefecture City,<U+4E3D><U+6C5F><U+5E02>,Lìjiang,"Annual, ending ""Dec"" of each year",RMB mn,SR1928670,9 771.97,12 423.81,13 185.43,16 313.00,20 406.00,26 401.26,32 610.92,37 783.00,36 413.88,37 654.05,
326,49,CHN,China,30,Yunnan,326,Lincang,,,,Dìjíshì,Prefecture City,<U+4E34><U+6CA7><U+5E02>,Líncang,"Annual, ending ""Dec"" of each year",RMB mn,SR1927853,4 308.68,6 338.82,6 993.71,7 883.62,9 636.70,12 443.46,16 303.00,20 002.00,21 761.05,22 062.86,
327,49,CHN,China,30,Yunnan,327,Nujiang Lisu,,,,Zìzhìzhou,Autonomous Prefecture,<U+6012><U+6C5F><U+5088><U+50F3><U+65CF><U+81EA><U+6CBB><U+5DDE>,Nùjiang Lìsùzú,,,,,,,,,,,,,,
328,49,CHN,China,30,Yunnan,328,Pu'er,,,,Dìjíshì,Prefecture City,<U+666E><U+6D31><U+5E02>,Pu'er,,,,,,,,,,,,,,
329,49,CHN,China,30,Yunnan,329,Qujing,,,,Dìjíshì,Prefecture City,<U+66F2><U+9756><U+5E02>,Qujìng,"Annual, ending ""Dec"" of each year",RMB mn,SR1928291,133 135.77,161 449.98,179 155.12,184 082.55,243 613.00,260 373.90,301 028.00,322 476.00,254 630.67,298 063.50,
330,49,CHN,China,30,Yunnan,330,Wenshan Zhuang and Miao,,,,Zìzhìzhou,Autonomous Prefecture,<U+6587><U+5C71><U+58EE><U+65CF><U+82D7><U+65CF><U+81EA><U+6CBB><U+5DDE>,Wénshan Zhuàngzú|Miáozú,,,,,,,,,,,,,,
331,49,CHN,China,30,Yunnan,331,Xishuangbanna Dai,,,,Zìzhìzhou,Autonomous Prefecture,<U+897F><U+53CC><U+7248><U+7EB3><U+50A3><U+65CF><U+81EA><U+6CBB><U+5DDE>,Xishuangbannà|Daizú,,,,,,,,,,,,,,
332,49,CHN,China,30,Yunnan,332,Yuxi,,,,Dìjíshì,Prefecture City,<U+7389><U+6EAA><U+5E02>,Yùxi,"Annual, ending ""Dec"" of each year",RMB mn,SR1927955,50 330.76,60 788.10,79 722.16,80 885.83,100 089.08,120 353.50,145 514.00,169 492.00,158 510.66,151 915.04,
333,49,CHN,China,30,Yunnan,333,Zhaotong,,,,Dìjíshì,Prefecture City,<U+662D><U+901A><U+5E02>,Zhaotong,"Annual, ending ""Dec"" of each year",RMB mn,SR1928276,4 523.83,5 727.43,7 179.12,8 352.06,10 800.76,15 306.00,20 878.00,27 707.00,31 807.38,36 338.28,
334,49,CHN,China,31,Zhejiang,334,Hangzhou,,,,Dìjíshì,Prefecture City,<U+676D><U+5DDE><U+5E02>,Hángzhou,"Annual, ending ""Dec"" of each year",RMB mn,SR1927673,28 897.31,43 038.86,58 181.55,79 320.42,113 736.60,152 230.09,224 827.51,284 515.00,336 877.00,386 332.00,409 670.00
335,49,CHN,China,31,Zhejiang,335,Huzhou,,,,Dìjíshì,Prefecture City,<U+6E56><U+5DDE><U+5E02>,Húzhou,"Annual, ending ""Dec"" of each year",RMB mn,SR1926989,268 909.78,333 816.12,383 942.73,386 398.62,510 285.08,576 336.03,603 993.21,689 367.00,746 375.40,756 930.85,788 294.00
336,49,CHN,China,31,Zhejiang,336,Jiaxing,,,,Dìjíshì,Prefecture City,<U+5609><U+5174><U+5E02>,Jiaxing,"Annual, ending ""Dec"" of each year",RMB mn,SR1926778,272 759.06,334 317.49,350 842.77,364 871.49,449 487.01,438 601.65,424 862.49,451 656.00,484 401.87,494 422.99,522 958.00
337,49,CHN,China,31,Zhejiang,337,Jinhua,,,,Dìjíshì,Prefecture City,<U+91D1><U+534E><U+5E02>,Jinhuá,"Annual, ending ""Dec"" of each year",RMB mn,SR1927859,391 086.89,486 900.61,539 019.74,551 890.53,679 718.68,793 268.32,855 125.33,933 931.00,973 530.42,974 638.46,982 694.00
338,49,CHN,China,31,Zhejiang,338,Lishui,,,,Dìjíshì,Prefecture City,<U+4E3D><U+6C34><U+5E02>,Líshui,"Annual, ending ""Dec"" of each year",RMB mn,SR1927832,222 880.36,274 065.57,306 086.21,286 987.50,363 079.93,344 845.24,353 081.16,380 576.00,405 252.39,385 224.36,408 404.00
339,49,CHN,China,31,Zhejiang,339,Ningbo,,,,Dìjíshì,Prefecture City,<U+5B81><U+6CE2><U+5E02>,Níngbo,"Annual, ending ""Dec"" of each year",RMB mn,SR1928707,697 545.91,835 140.29,937 957.92,939 073.33,1107 964.96,1235 292.49,1296 228.00,1240 798.00,1285 305.18,1241 568.02,1242 096.00
340,49,CHN,China,31,Zhejiang,340,Quzhou,,,,Dìjíshì,Prefecture City,<U+8862><U+5DDE><U+5E02>,Qúzhou,"Annual, ending ""Dec"" of each year",RMB mn,SR1928051,179 941.01,224 624.02,248 254.06,267 365.85,341 178.90,351 434.56,379 197.28,423 336.00,458 587.26,472 084.27,470 577.00
341,49,CHN,China,31,Zhejiang,341,Shaoxing,,,,Dìjíshì,Prefecture City,<U+7ECD><U+5174><U+5E02>,Shàoxing,"Annual, ending ""Dec"" of each year",RMB mn,SR1928682,138 552.97,176 051.67,213 849.57,219 808.61,266 653.26,289 004.59,333 383.20,382 802.00,420 139.60,441 310.08,460 605.00
342,49,CHN,China,31,Zhejiang,342,Taizhou,,,,Dìjíshì,Prefecture City,<U+53F0><U+5DDE><U+5E02>,Taizhou,"Annual, ending ""Dec"" of each year",RMB mn,SR1926922,36 038.96,48 635.50,67 186.54,79 056.01,97 905.17,110 517.33,119 983.34,133 356.00,149 776.09,163 336.76,187 211.00
343,49,CHN,China,31,Zhejiang,343,Wenzhou,,,,Dìjíshì,Prefecture City,<U+6E29><U+5DDE><U+5E02>,Wenzhou,"Annual, ending ""Dec"" of each year",RMB mn,SR1927773,618 791.33,778 901.40,853 790.53,827 284.70,1061 874.25,1204 476.99,1215 507.60,1301 009.00,1402 805.01,1386 945.78,1450 024.00
344,49,CHN,China,31,Zhejiang,344,Zhoushan,,,,Dìjíshì,Prefecture City,<U+821F><U+5C71><U+5E02>,Zhoushan,"Annual, ending ""Dec"" of each year",RMB mn,SR1927758,42 720.56,57 093.22,74 330.34,83 259.49,108 711.64,130 086.18,133 099.92,149 195.00,158 466.38,156 289.91,158 195.00
